customer_name,city,country
Carl Cox,North Michael,Benin
Mark Barton,Rileyside,Saudi Arabia
Dr. Ian Chapman,Port Madison,French Polynesia
Lucas Price,Port Crystalmouth,Kiribati
Andrew Patel,Kathrynborough,Timor-Leste
Mr. Albert Davis,Deborahville,Holy See (Vatican City State)
Catherine Davidson,Claytonchester,Jersey
Brent Stewart,Andreaberg,Cuba
Garrett Hansen,West Richard,Dominica
Ryan Villarreal,Kaylastad,Greece
Andrew Watson,West Erinhaven,Iraq
Sheila Patrick,West Matthewfort,United Arab Emirates
Bryan Beard,Lake Sylviaside,Montserrat
Chad Roman,Williamfurt,Tunisia
Krystal Marquez,Christianborough,Isle of Man
Melissa Williams,Port Seth,Slovakia (Slovak Republic)
Charles Burnett,Deniseton,Fiji
Robert Brooks,Christopherburgh,Mauritania
Adam Navarro,Williamview,Antigua and Barbuda
Micheal Hernandez,East Jamieburgh,French Polynesia
Michael Garcia,New Edwardfurt,Iceland
Jacob Byrd,Aliceport,China
Carol Hill,Christophertown,Panama
Eric Fernandez,Davisland,Martinique
Sherri Ruiz,Michaelfort,Cocos (Keeling) Islands
David Crawford,Mikeview,Maldives
Courtney Morales,Crawfordshire,Tunisia
Dr. Alyssa Kline,Williamsberg,Indonesia
Steven Lucas,Elizabethport,Iran
Rachael Barnes,Port Jack,Morocco
Duane Butler,Hectorfurt,France
Michelle Mullen,South Dennis,Bolivia
Kevin Williams,South Ashley,Tonga
Ashley Nelson,Jacobchester,Zambia
Michael Dunlap,New Barbarastad,United States of America
Mrs. Angela Patton PhD,Seanshire,United States Virgin Islands
Sarah Rosales,Rossville,Panama
Nicholas Lloyd,Brittneymouth,Bangladesh
Lauren Gilmore,Hickmanborough,Venezuela
Heidi Benson,Lake Jamesview,Mozambique
Hailey Taylor,South Harold,United States Virgin Islands
Ruben Martin,Gloverbury,Mauritania
Lacey Williams,Tiffanyfurt,Brunei Darussalam
Kristine Monroe,Connerport,Guam
Justin Martin,West Eric,Aruba
Sonya Adams,Port David,American Samoa
Theresa Buchanan,Port Hannahfort,Saint Vincent and the Grenadines
Dr. Matthew Walker MD,Friedmanmouth,Bosnia and Herzegovina
Samantha Hall,Knoxtown,Georgia
Taylor Pope,Jennifermouth,United Kingdom
Dr. Martin Mitchell,West Nicholasside,Moldova
Melanie Holt,Smithton,Burundi
Chelsea Robertson,Jonesborough,Gabon
Frank Young,Lake Gabriela,American Samoa
Edwin Nelson,Patriciaburgh,Pitcairn Islands
Antonio Johnson,Huffview,Saint Barthelemy
Jessica Torres,Laurenmouth,Lesotho
Haley Black,Ashleebury,Saint Vincent and the Grenadines
Anthony Espinoza,Jasonburgh,Niger
Abigail Shaw,Colontown,Saint Barthelemy
Eric Marshall,Melissamouth,Slovakia (Slovak Republic)
Michael Miller,Ronaldland,Andorra
Michelle Walker,West Paul,Germany
Charles Phillips,Ashleyland,Pitcairn Islands
Cristina Johnson,North Maryside,Cyprus
Eric Trevino,South Anita,Bhutan
Meredith Smith,New Aprilfurt,United States Virgin Islands
Diamond Williams,Karenmouth,Antigua and Barbuda
Michael Clark,Port Christophershire,Netherlands
Wendy Fischer,Port Richard,Bangladesh
Amber Johnson,Gonzalezfurt,Argentina
Karen Washington,East Joshua,Bangladesh
Robert Flores,Andrewhaven,Monaco
Christopher Obrien,Huynhton,Isle of Man
Heidi Jones,North Johnberg,Iran
Evelyn Perry,New Williamport,Niger
Stephen Conway,Hicksmouth,Samoa
Darrell Scott,Johnsonburgh,Tunisia
Thomas Patterson,Josephburgh,Belgium
Michael Harmon,Christophermouth,Papua New Guinea
Melissa Wilson,Lewisville,Suriname
Valerie Thomas,Ryanton,Aruba
Brittany Hogan,Kevinbury,Sweden
Sherry Maldonado,New Jackieburgh,Mauritius
Shannon Davis,Port Sean,El Salvador
Taylor Christensen,Derrickfurt,Saudi Arabia
Ronald Shelton,Stephensonhaven,Cyprus
Diane Pope,Leonardfurt,Tokelau
Brandon Scott,Fernandezfurt,Estonia
Jordan Lewis,Bethport,Sweden
Gregory Mitchell,Kevintown,Holy See (Vatican City State)
Jose Pratt,West Cynthia,Ukraine
Erin Carroll,South Laurenville,Oman
Jason Combs,Lyonsborough,Congo
Shannon Cardenas,West Pamelaport,Greece
George Turner DVM,Port Maureenbury,Puerto Rico
Jacob Sanchez,Biancamouth,Morocco
William Bates,Vaughnburgh,Luxembourg
Thomas Johnson,New Meghan,Myanmar
Preston Ramos,South Kim,Gambia
