customer_id,product_id,date_id,quantity,total_amount
27,6,92,4,12000
97,2,261,5,6000
28,1,120,4,16000
94,2,328,3,3600
24,3,16,3,600
75,3,244,2,400
22,5,229,1,350
26,6,238,2,6000
55,6,351,4,12000
16,5,76,1,350
81,6,300,5,15000
86,3,233,3,600
19,4,114,1,150
5,3,222,5,1000
69,3,280,5,1000
31,2,241,5,6000
73,4,271,2,300
59,2,344,2,2400
36,1,236,5,20000
5,6,2,2,6000
92,5,343,5,1750
11,5,5,2,700
52,5,170,2,700
92,2,145,5,6000
100,2,118,4,4800
59,3,195,3,600
51,4,358,3,450
27,5,159,5,1750
32,2,54,4,4800
46,6,238,5,15000
68,2,133,1,1200
34,1,285,2,8000
30,4,170,4,600
18,4,108,1,150
87,2,234,3,3600
76,6,175,1,3000
46,3,22,1,200
90,1,159,3,12000
8,2,39,1,1200
82,1,148,5,20000
49,2,263,5,6000
5,1,337,4,16000
88,1,72,3,12000
75,1,91,2,8000
32,1,188,2,8000
1,5,135,2,700
80,4,264,2,300
66,1,153,3,12000
88,2,130,2,2400
15,3,25,2,400
21,2,331,3,3600
91,6,294,1,3000
16,4,358,3,450
77,2,353,2,2400
23,2,256,3,3600
7,3,16,2,400
22,6,161,4,12000
70,3,222,5,1000
8,5,96,2,700
79,1,134,3,12000
7,3,208,4,800
13,6,225,4,12000
7,2,86,1,1200
18,1,3,1,4000
18,5,96,4,1400
48,3,339,2,400
12,3,52,1,200
82,5,132,1,350
51,5,22,2,700
76,3,232,5,1000
99,3,227,1,200
91,6,48,3,9000
78,4,20,5,750
59,6,37,1,3000
67,1,323,5,20000
20,3,180,1,200
22,6,67,2,6000
78,4,205,3,450
74,1,181,5,20000
80,2,73,1,1200
79,3,74,3,600
92,1,232,1,4000
23,6,273,1,3000
68,4,190,4,600
98,3,255,2,400
74,1,293,1,4000
38,3,2,1,200
4,5,59,3,1050
95,6,161,2,6000
77,4,11,5,750
3,1,152,5,20000
34,2,361,3,3600
66,4,263,1,150
74,4,262,5,750
26,6,63,5,15000
11,4,362,2,300
36,3,281,3,600
45,3,322,3,600
30,3,1,2,400
84,6,354,3,9000
51,5,315,3,1050
26,1,101,3,12000
93,1,13,2,8000
52,6,170,3,9000
83,6,362,4,12000
40,4,14,3,450
54,1,271,1,4000
54,4,265,2,300
16,6,321,4,12000
9,1,192,1,4000
49,2,252,4,4800
73,3,338,5,1000
95,2,228,2,2400
82,1,52,1,4000
2,1,34,2,8000
10,6,265,4,12000
99,1,330,2,8000
53,5,226,3,1050
89,4,120,3,450
11,6,110,1,3000
97,2,18,1,1200
22,1,270,5,20000
8,1,247,2,8000
5,3,72,3,600
28,4,35,1,150
98,5,254,1,350
37,6,93,1,3000
73,6,87,2,6000
55,6,153,2,6000
55,3,199,5,1000
82,5,322,2,700
45,2,77,5,6000
5,3,118,2,400
26,3,120,3,600
88,5,124,1,350
32,2,60,3,3600
19,4,295,1,150
78,5,57,4,1400
92,3,267,4,800
85,4,118,2,300
38,3,6,2,400
12,3,165,5,1000
22,2,120,2,2400
11,3,313,3,600
79,5,146,3,1050
58,2,31,1,1200
59,3,56,2,400
54,5,199,4,1400
37,4,313,3,450
55,5,319,2,700
59,1,254,3,12000
78,5,11,1,350
92,2,157,1,1200
11,6,321,2,6000
81,2,306,5,6000
75,5,80,1,350
50,4,41,4,600
91,4,20,2,300
31,6,162,3,9000
19,6,70,5,15000
29,4,260,1,150
27,2,31,2,2400
50,2,328,2,2400
55,2,355,5,6000
79,1,251,1,4000
2,5,253,4,1400
21,2,44,4,4800
37,2,57,5,6000
5,2,8,2,2400
97,3,183,1,200
75,1,36,4,16000
100,5,118,1,350
96,5,224,3,1050
69,5,110,1,350
24,5,23,5,1750
80,1,337,5,20000
71,5,202,2,700
36,3,193,3,600
80,2,197,2,2400
77,4,187,5,750
99,1,287,1,4000
76,3,213,2,400
94,3,170,5,1000
48,3,301,1,200
92,3,108,5,1000
13,4,250,5,750
99,1,6,1,4000
60,4,344,5,750
37,2,17,5,6000
21,1,70,3,12000
2,5,216,1,350
1,1,201,3,12000
67,2,5,3,3600
33,6,37,5,15000
15,6,122,2,6000
99,2,165,1,1200
6,5,249,5,1750
76,6,76,4,12000
50,6,172,1,3000
67,3,182,4,800
82,1,215,4,16000
59,6,125,1,3000
16,4,84,2,300
18,2,337,2,2400
1,2,317,2,2400
98,4,293,3,450
6,3,182,3,600
37,1,364,2,8000
26,2,102,5,6000
42,4,262,3,450
50,1,101,1,4000
90,4,37,2,300
43,4,64,4,600
90,2,364,2,2400
7,5,345,2,700
48,4,158,1,150
7,6,279,1,3000
12,5,143,2,700
7,3,192,4,800
41,6,55,1,3000
97,1,263,3,12000
2,5,188,5,1750
12,1,263,2,8000
20,2,334,2,2400
83,3,173,1,200
63,3,182,1,200
76,4,175,2,300
86,1,231,2,8000
92,3,23,4,800
45,2,42,5,6000
47,6,356,5,15000
50,6,57,3,9000
28,6,217,1,3000
69,2,145,5,6000
82,1,42,5,20000
70,6,351,3,9000
97,1,307,5,20000
1,6,326,4,12000
56,6,313,3,9000
49,4,220,4,600
50,4,254,5,750
53,1,359,1,4000
23,5,196,2,700
42,1,284,3,12000
64,1,266,3,12000
83,2,271,5,6000
15,5,64,4,1400
24,5,361,5,1750
11,2,346,3,3600
12,3,221,2,400
46,4,188,3,450
35,3,1,4,800
94,6,285,5,15000
68,1,209,4,16000
77,5,172,3,1050
60,1,207,3,12000
5,3,26,5,1000
52,2,174,3,3600
66,1,44,4,16000
22,6,177,1,3000
97,4,52,4,600
9,3,38,2,400
36,5,224,5,1750
89,2,204,2,2400
47,3,235,4,800
86,5,139,3,1050
33,3,61,2,400
49,2,295,5,6000
19,2,75,4,4800
38,1,292,4,16000
83,6,210,2,6000
21,4,27,5,750
41,1,336,2,8000
77,2,133,1,1200
41,6,268,1,3000
27,6,246,1,3000
54,4,104,3,450
57,2,220,3,3600
10,1,325,5,20000
5,3,110,3,600
32,3,195,1,200
22,1,102,4,16000
54,1,325,2,8000
2,4,287,2,300
52,1,48,1,4000
15,6,18,5,15000
89,3,27,4,800
21,5,248,4,1400
63,1,78,5,20000
72,2,22,5,6000
50,2,11,2,2400
88,6,205,2,6000
88,5,114,4,1400
9,1,319,5,20000
14,4,246,1,150
63,3,242,5,1000
24,1,89,5,20000
90,2,222,3,3600
40,4,107,3,450
74,1,183,5,20000
18,5,132,3,1050
63,4,148,2,300
19,4,69,1,150
15,4,108,3,450
88,2,176,3,3600
15,6,311,3,9000
82,2,104,3,3600
22,6,241,4,12000
17,1,281,2,8000
78,2,262,2,2400
59,2,29,4,4800
92,4,158,3,450
18,6,322,3,9000
63,4,183,1,150
25,1,351,3,12000
77,2,212,2,2400
97,5,35,4,1400
55,1,219,2,8000
47,2,336,2,2400
93,1,180,1,4000
35,6,17,1,3000
5,1,352,3,12000
89,2,276,3,3600
64,5,195,3,1050
73,6,234,1,3000
91,6,346,4,12000
95,5,181,5,1750
100,5,268,5,1750
88,1,114,2,8000
9,4,327,4,600
37,6,244,1,3000
58,5,37,2,700
3,5,233,4,1400
36,5,297,2,700
43,3,280,4,800
54,4,281,3,450
20,1,28,5,20000
10,6,158,3,9000
22,1,301,4,16000
65,4,6,2,300
38,6,56,1,3000
95,5,161,4,1400
68,1,149,2,8000
96,6,170,2,6000
11,4,301,2,300
10,3,202,2,400
36,4,94,4,600
49,6,142,4,12000
74,4,200,1,150
74,5,128,5,1750
97,3,205,2,400
2,6,287,4,12000
96,4,26,2,300
91,6,130,1,3000
86,4,101,3,450
59,2,325,2,2400
1,5,2,2,700
29,2,246,3,3600
69,1,120,2,8000
100,6,128,1,3000
18,5,100,5,1750
81,4,348,4,600
58,5,341,5,1750
5,6,26,1,3000
68,5,86,2,700
7,6,88,3,9000
24,5,89,5,1750
12,2,130,5,6000
13,6,192,5,15000
65,5,299,4,1400
49,5,40,1,350
5,4,111,3,450
35,3,293,5,1000
61,1,322,1,4000
42,1,46,4,16000
13,2,264,5,6000
92,2,152,2,2400
73,1,339,3,12000
34,6,156,4,12000
13,1,303,3,12000
90,4,117,4,600
45,5,298,4,1400
39,1,44,1,4000
35,3,284,1,200
83,4,326,5,750
9,6,94,2,6000
73,3,91,5,1000
2,1,278,3,12000
35,4,113,4,600
100,4,98,4,600
91,2,280,1,1200
54,6,146,3,9000
97,4,262,4,600
51,6,202,4,12000
53,1,35,3,12000
71,6,226,4,12000
80,1,196,3,12000
83,3,106,4,800
45,1,304,5,20000
75,1,13,2,8000
70,5,354,2,700
30,4,23,2,300
88,1,299,1,4000
18,5,133,1,350
78,1,255,1,4000
46,1,150,5,20000
87,5,38,3,1050
84,1,337,3,12000
48,6,26,4,12000
35,4,248,3,450
76,3,218,3,600
98,4,268,4,600
1,5,158,3,1050
64,6,53,4,12000
8,1,290,4,16000
25,4,44,1,150
13,4,22,5,750
35,2,211,1,1200
73,3,317,5,1000
63,3,303,5,1000
26,1,274,5,20000
73,2,355,3,3600
19,5,325,1,350
18,1,209,1,4000
81,6,351,5,15000
74,5,69,5,1750
88,6,199,3,9000
77,5,20,1,350
55,5,78,5,1750
18,4,351,5,750
15,1,61,5,20000
44,5,364,5,1750
71,3,362,4,800
71,4,190,2,300
42,2,276,2,2400
97,4,354,1,150
4,1,130,1,4000
40,1,114,4,16000
32,2,307,2,2400
93,5,206,4,1400
27,2,193,2,2400
88,4,204,1,150
29,1,168,5,20000
52,4,126,1,150
3,4,45,5,750
26,2,309,4,4800
94,6,267,3,9000
6,2,91,2,2400
24,1,167,3,12000
11,2,42,4,4800
57,5,38,5,1750
32,5,267,1,350
92,5,89,1,350
27,5,248,5,1750
95,1,268,1,4000
12,6,309,5,15000
89,6,294,1,3000
90,6,11,3,9000
29,6,97,3,9000
86,1,189,1,4000
90,6,116,2,6000
13,4,217,5,750
85,1,190,3,12000
22,3,359,3,600
73,3,99,4,800
89,5,280,2,700
56,2,236,3,3600
64,6,68,5,15000
8,2,77,4,4800
7,4,82,2,300
34,1,161,2,8000
90,5,3,1,350
76,2,30,5,6000
56,5,118,2,700
79,1,102,4,16000
36,5,46,1,350
48,2,273,2,2400
29,4,169,1,150
90,2,207,2,2400
84,3,282,2,400
42,1,322,1,4000
4,1,332,3,12000
34,4,352,5,750
57,5,278,2,700
36,4,208,4,600
4,1,237,3,12000
26,6,110,4,12000
6,2,24,5,6000
6,2,205,2,2400
25,2,262,4,4800
16,4,25,5,750
87,1,180,2,8000
8,2,252,4,4800
99,3,215,1,200
59,5,16,4,1400
46,6,165,1,3000
86,4,277,1,150
46,2,235,1,1200
35,3,142,2,400
3,5,126,3,1050
51,5,196,4,1400
42,1,317,2,8000
74,2,327,4,4800
91,2,30,4,4800
91,5,88,2,700
80,6,164,2,6000
97,2,328,1,1200
19,6,34,1,3000
100,5,26,1,350
29,3,105,3,600
73,3,243,1,200
43,1,168,1,4000
27,3,84,3,600
34,3,275,4,800
79,6,146,5,15000
30,2,39,5,6000
85,6,111,3,9000
63,3,49,5,1000
78,3,105,3,600
22,4,54,5,750
29,2,349,2,2400
99,3,44,5,1000
62,1,103,4,16000
53,2,277,4,4800
5,1,178,4,16000
14,3,17,2,400
1,4,27,4,600
58,4,137,3,450
28,2,120,5,6000
67,3,154,4,800
53,2,147,3,3600
89,6,283,5,15000
58,1,125,2,8000
31,3,165,5,1000
3,5,22,3,1050
58,3,110,3,600
81,3,166,4,800
84,1,53,3,12000
71,3,78,4,800
91,3,328,5,1000
22,2,154,3,3600
69,5,64,3,1050
18,6,74,1,3000
95,6,238,2,6000
63,1,183,3,12000
59,4,56,2,300
10,4,290,1,150
22,1,311,1,4000
4,4,81,4,600
44,6,207,5,15000
66,4,140,3,450
88,3,170,3,600
33,4,264,1,150
7,1,299,1,4000
47,3,79,2,400
28,1,221,1,4000
70,4,284,3,450
65,1,289,3,12000
22,1,245,4,16000
70,3,12,2,400
67,4,262,5,750
89,6,265,5,15000
51,6,1,3,9000
100,5,288,3,1050
77,2,315,3,3600
58,4,29,5,750
58,6,312,4,12000
57,2,134,4,4800
53,5,365,5,1750
88,3,299,3,600
90,4,34,2,300
45,6,267,1,3000
59,5,357,2,700
77,2,204,3,3600
25,5,120,3,1050
68,6,303,3,9000
78,5,317,4,1400
60,1,138,1,4000
92,2,89,1,1200
28,5,96,4,1400
44,4,158,2,300
65,4,112,3,450
44,2,363,3,3600
3,1,226,3,12000
34,1,73,2,8000
35,3,289,5,1000
80,6,298,4,12000
89,3,313,4,800
70,2,329,3,3600
73,6,15,5,15000
90,3,354,4,800
27,1,115,5,20000
60,5,143,3,1050
96,2,124,3,3600
75,6,32,1,3000
23,5,334,5,1750
56,1,319,4,16000
88,6,295,2,6000
61,2,60,3,3600
52,2,122,5,6000
79,1,178,5,20000
45,4,163,3,450
65,3,344,2,400
44,1,2,4,16000
80,3,94,4,800
71,5,201,2,700
80,4,45,5,750
38,6,85,4,12000
3,5,314,3,1050
95,6,325,5,15000
53,6,165,3,9000
86,3,59,3,600
84,6,16,2,6000
35,2,11,1,1200
81,5,199,3,1050
72,2,157,4,4800
72,1,121,2,8000
18,2,285,1,1200
91,4,210,2,300
82,6,334,3,9000
19,5,74,5,1750
15,6,228,1,3000
23,5,325,3,1050
80,6,12,4,12000
19,3,10,2,400
47,6,223,3,9000
71,1,209,2,8000
9,4,296,2,300
54,3,70,2,400
26,4,1,4,600
85,6,209,1,3000
11,6,357,1,3000
52,1,239,4,16000
43,2,185,5,6000
55,4,113,4,600
50,5,170,5,1750
92,5,256,5,1750
19,5,34,4,1400
17,4,225,1,150
88,1,100,5,20000
8,4,217,1,150
12,4,166,3,450
85,6,350,5,15000
82,4,145,2,300
66,4,28,4,600
74,3,131,5,1000
66,2,265,2,2400
66,5,282,4,1400
32,5,17,3,1050
3,4,205,3,450
6,6,1,2,6000
36,5,276,2,700
15,3,36,1,200
95,6,157,5,15000
16,4,153,3,450
34,6,149,5,15000
9,3,120,3,600
89,4,11,4,600
35,6,263,5,15000
17,6,86,1,3000
89,5,215,5,1750
20,3,178,5,1000
33,2,215,1,1200
24,4,161,4,600
91,1,204,4,16000
94,1,178,4,16000
73,4,228,1,150
93,5,156,1,350
87,2,2,5,6000
88,4,47,3,450
18,5,5,1,350
60,2,205,3,3600
58,6,77,3,9000
68,2,218,3,3600
52,6,151,3,9000
60,1,208,2,8000
67,6,282,2,6000
34,1,113,1,4000
41,4,104,5,750
77,2,319,2,2400
43,2,341,2,2400
38,3,52,1,200
84,4,146,4,600
71,5,133,5,1750
17,4,74,1,150
87,6,283,1,3000
83,4,198,1,150
47,6,225,1,3000
51,5,133,1,350
52,1,174,3,12000
35,1,173,3,12000
54,4,78,1,150
15,3,171,4,800
27,4,331,1,150
13,2,314,5,6000
97,2,113,4,4800
95,1,78,5,20000
10,1,159,5,20000
33,4,17,1,150
1,4,355,3,450
44,1,78,3,12000
25,4,45,4,600
25,2,150,4,4800
92,6,110,1,3000
10,5,144,2,700
32,6,64,5,15000
70,6,121,3,9000
25,4,313,2,300
35,6,198,2,6000
40,2,218,4,4800
12,1,254,1,4000
68,2,59,2,2400
3,3,114,5,1000
74,6,365,4,12000
90,6,91,4,12000
98,2,257,2,2400
97,2,79,2,2400
56,5,164,2,700
65,5,332,3,1050
17,1,100,2,8000
35,3,158,2,400
70,3,208,1,200
98,2,38,3,3600
100,5,41,1,350
97,2,95,1,1200
76,4,352,3,450
24,5,353,1,350
66,5,246,5,1750
72,2,256,2,2400
89,6,82,2,6000
9,5,123,5,1750
2,3,244,2,400
26,3,226,5,1000
75,5,130,4,1400
33,5,319,5,1750
90,2,187,1,1200
58,6,46,1,3000
3,5,45,3,1050
70,6,206,1,3000
36,3,57,3,600
30,1,24,1,4000
14,6,86,1,3000
87,2,61,4,4800
18,4,308,1,150
27,1,119,5,20000
6,2,260,5,6000
15,4,2,1,150
57,1,239,5,20000
43,2,278,3,3600
83,5,7,5,1750
32,1,60,4,16000
10,3,338,5,1000
39,3,338,1,200
5,4,280,1,150
58,2,360,1,1200
59,5,272,4,1400
21,3,69,5,1000
47,4,167,1,150
33,4,88,5,750
13,2,325,3,3600
27,4,5,2,300
71,6,138,1,3000
93,3,197,2,400
25,2,30,3,3600
92,4,203,4,600
53,6,33,3,9000
88,3,291,4,800
34,6,182,5,15000
68,3,103,2,400
60,6,75,4,12000
56,4,318,1,150
20,5,356,4,1400
6,2,215,2,2400
46,1,115,5,20000
64,2,165,1,1200
54,6,280,5,15000
11,1,271,4,16000
77,1,297,3,12000
52,2,323,2,2400
97,3,282,5,1000
36,1,308,4,16000
30,3,362,4,800
10,3,184,5,1000
62,1,145,1,4000
41,5,156,3,1050
13,2,357,1,1200
28,4,112,4,600
92,1,270,2,8000
79,6,248,5,15000
97,2,255,1,1200
4,1,83,3,12000
20,6,157,5,15000
67,6,171,4,12000
80,1,27,5,20000
13,4,302,4,600
70,4,301,1,150
51,6,219,1,3000
57,2,73,4,4800
82,4,236,3,450
54,5,21,3,1050
48,5,164,2,700
23,6,236,5,15000
12,4,118,2,300
46,6,154,5,15000
33,2,262,1,1200
24,3,191,5,1000
27,1,326,5,20000
69,3,22,3,600
59,5,12,1,350
58,6,167,4,12000
68,4,246,4,600
56,5,290,5,1750
31,4,43,1,150
62,1,123,5,20000
96,6,225,2,6000
13,6,288,2,6000
34,5,306,5,1750
29,6,64,4,12000
32,6,113,3,9000
86,5,63,1,350
2,1,28,1,4000
96,2,214,5,6000
26,1,317,3,12000
8,4,61,1,150
12,1,320,1,4000
98,5,199,3,1050
23,6,217,4,12000
53,2,29,4,4800
35,4,27,3,450
99,1,137,2,8000
46,2,187,1,1200
88,5,323,1,350
22,1,349,4,16000
50,4,122,5,750
55,5,162,5,1750
43,4,64,1,150
19,4,78,1,150
90,3,47,4,800
91,3,174,5,1000
55,6,295,2,6000
62,1,101,2,8000
75,3,326,3,600
93,4,337,4,600
79,5,300,5,1750
59,4,118,5,750
11,4,358,3,450
63,1,260,4,16000
44,4,38,5,750
38,2,180,1,1200
65,1,130,1,4000
86,6,332,5,15000
33,6,310,2,6000
70,1,269,1,4000
37,1,14,2,8000
21,3,70,5,1000
14,3,69,5,1000
54,5,321,3,1050
2,2,25,2,2400
81,1,93,3,12000
99,4,266,1,150
73,4,301,1,150
8,6,269,5,15000
28,2,22,4,4800
19,5,287,5,1750
35,2,127,4,4800
59,6,336,4,12000
93,4,20,3,450
94,6,156,4,12000
76,2,56,4,4800
32,5,273,4,1400
83,2,109,3,3600
51,1,73,1,4000
66,5,325,3,1050
89,2,83,1,1200
1,3,211,4,800
29,3,177,4,800
83,2,191,2,2400
40,3,298,5,1000
38,4,96,1,150
7,4,68,2,300
76,4,27,5,750
20,4,161,5,750
31,2,315,3,3600
90,2,360,3,3600
14,5,135,4,1400
86,6,216,1,3000
20,2,86,5,6000
56,1,147,4,16000
27,6,221,4,12000
19,3,332,2,400
80,6,217,2,6000
41,5,83,4,1400
64,6,327,3,9000
67,3,212,2,400
19,2,38,4,4800
95,2,308,5,6000
80,2,124,1,1200
29,1,228,3,12000
22,4,287,4,600
13,1,273,1,4000
8,3,273,5,1000
73,3,229,4,800
80,3,254,3,600
52,6,234,4,12000
60,5,246,3,1050
75,3,127,3,600
48,4,320,4,600
67,5,46,1,350
11,1,40,2,8000
43,1,73,4,16000
19,6,286,1,3000
79,5,328,2,700
100,3,108,5,1000
22,3,160,3,600
43,3,240,3,600
5,1,232,2,8000
28,1,338,4,16000
46,6,358,4,12000
43,2,94,4,4800
59,3,83,4,800
50,2,264,2,2400
85,3,246,3,600
36,5,10,4,1400
55,4,122,2,300
43,5,182,4,1400
39,2,233,1,1200
74,5,339,3,1050
19,6,206,1,3000
87,1,80,4,16000
30,6,136,1,3000
44,3,161,4,800
7,2,210,5,6000
15,4,191,2,300
74,6,346,2,6000
4,6,335,5,15000
89,2,320,1,1200
54,1,187,3,12000
93,2,2,3,3600
3,5,16,1,350
58,4,6,2,300
25,6,176,5,15000
6,2,353,1,1200
20,5,203,4,1400
58,4,31,1,150
27,2,205,1,1200
5,4,84,2,300
25,1,1,4,16000
39,5,1,1,350
71,4,231,3,450
12,5,304,3,1050
96,4,292,1,150
28,5,55,1,350
30,6,265,4,12000
5,1,219,1,4000
24,5,251,5,1750
6,4,22,1,150
17,5,136,1,350
4,6,281,2,6000
87,1,317,1,4000
85,1,256,4,16000
18,3,332,4,800
24,4,188,2,300
40,6,359,1,3000
44,1,310,5,20000
73,4,48,4,600
31,1,310,5,20000
3,4,1,1,150
34,1,360,3,12000
39,2,66,3,3600
27,3,230,5,1000
40,5,261,3,1050
61,3,109,3,600
81,3,363,3,600
23,3,360,3,600
61,3,6,4,800
93,1,287,3,12000
64,5,360,3,1050
86,3,167,5,1000
88,5,204,4,1400
76,3,190,2,400
75,3,185,4,800
13,3,108,1,200
42,6,295,4,12000
74,1,280,5,20000
99,4,176,4,600
60,4,249,4,600
53,1,277,1,4000
84,1,364,5,20000
94,6,113,5,15000
26,1,143,3,12000
70,4,336,2,300
70,3,296,3,600
33,4,323,2,300
4,5,318,2,700
30,5,252,4,1400
51,2,297,4,4800
17,6,260,2,6000
63,5,293,3,1050
26,4,248,5,750
57,5,349,1,350
64,3,108,2,400
22,3,130,1,200
57,1,184,1,4000
92,2,141,2,2400
99,2,294,4,4800
88,1,132,2,8000
79,3,271,2,400
46,5,191,2,700
67,6,251,3,9000
38,2,76,5,6000
60,2,103,3,3600
13,3,163,3,600
45,5,286,4,1400
16,1,48,3,12000
72,5,180,3,1050
93,5,17,3,1050
44,3,365,3,600
63,2,225,3,3600
90,3,346,5,1000
35,5,240,5,1750
77,3,112,3,600
2,3,206,3,600
42,5,105,5,1750
16,5,348,4,1400
27,4,22,1,150
66,5,303,4,1400
11,1,47,1,4000
48,5,134,2,700
2,2,334,3,3600
61,6,256,4,12000
33,3,269,5,1000
2,5,260,5,1750
87,2,5,1,1200
32,1,347,4,16000
12,5,231,1,350
23,1,132,2,8000
10,5,105,2,700
66,1,4,2,8000
23,2,46,4,4800
93,6,92,4,12000
40,2,37,4,4800
12,1,251,4,16000
88,2,7,2,2400
76,5,326,3,1050
73,6,246,3,9000
77,1,56,3,12000
72,6,57,3,9000
41,6,86,1,3000
90,1,364,5,20000
12,3,261,5,1000
77,6,214,3,9000
3,3,130,1,200
57,5,51,3,1050
90,5,255,3,1050
42,1,156,5,20000
82,5,102,1,350
31,3,13,4,800
30,4,364,1,150
78,6,227,2,6000
19,6,2,4,12000
98,4,162,2,300
18,4,262,4,600
1,3,20,1,200
39,4,227,3,450
38,3,298,1,200
37,2,39,1,1200
30,4,39,1,150
92,1,346,1,4000
36,5,348,2,700
49,3,51,1,200
86,5,2,4,1400
29,2,348,2,2400
37,6,279,3,9000
76,3,218,3,600
46,5,23,5,1750
18,6,29,1,3000
3,1,175,5,20000
25,3,117,1,200
87,6,26,5,15000
86,1,119,3,12000
18,5,101,3,1050
81,4,189,1,150
15,2,108,3,3600
97,2,316,3,3600
86,4,171,1,150
71,4,71,1,150
64,4,327,4,600
81,4,128,3,450
81,5,266,1,350
33,1,267,5,20000
5,6,355,3,9000
48,2,325,3,3600
64,1,87,4,16000
99,5,49,1,350
32,2,288,3,3600
16,6,136,5,15000
57,1,284,1,4000
49,2,216,4,4800
76,2,341,1,1200
97,3,101,3,600
85,6,299,3,9000
49,3,183,2,400
35,4,158,3,450
13,4,177,4,600
43,1,349,3,12000
12,4,3,5,750
29,1,285,2,8000
42,1,256,2,8000
37,3,338,2,400
50,1,186,5,20000
10,6,138,1,3000
85,3,84,4,800
37,2,107,2,2400
57,3,190,5,1000
71,5,344,1,350
84,4,249,5,750
36,6,30,1,3000
93,5,338,4,1400
50,4,336,4,600
61,1,224,2,8000
8,2,358,5,6000
5,5,330,5,1750
83,3,174,1,200
86,2,96,4,4800
44,5,239,1,350
82,3,169,1,200
6,4,281,5,750
56,6,235,1,3000
75,4,133,4,600
1,2,119,5,6000
48,3,149,5,1000
2,1,133,1,4000
77,6,73,3,9000
31,1,168,3,12000
72,5,42,1,350
40,2,327,3,3600
44,4,129,4,600
56,3,181,5,1000
87,4,334,4,600
69,3,13,3,600
47,2,243,2,2400
59,1,290,5,20000
80,5,49,4,1400
12,1,285,2,8000
75,1,64,2,8000
6,4,56,1,150
93,6,102,5,15000
94,4,181,3,450
16,3,173,2,400
64,4,111,3,450
22,1,12,3,12000
81,4,84,4,600
75,4,365,5,750
73,2,195,4,4800
1,1,212,3,12000
85,6,325,5,15000
80,6,292,3,9000
2,3,28,5,1000
70,3,119,4,800
100,2,266,1,1200
82,6,92,5,15000
19,6,171,3,9000
15,3,214,1,200
48,6,142,2,6000
48,6,175,2,6000
53,3,39,4,800
74,2,316,5,6000
22,6,259,1,3000
89,1,343,1,4000
39,6,257,4,12000
51,3,30,3,600
23,5,308,5,1750
34,2,65,4,4800
64,5,211,3,1050
57,5,166,4,1400
29,4,135,2,300
42,4,157,1,150
97,5,24,1,350
27,2,227,4,4800
51,5,346,3,1050
27,4,247,2,300
48,3,225,4,800
58,3,259,1,200
66,2,359,4,4800
67,4,297,4,600
27,5,104,3,1050
61,1,352,1,4000
45,4,158,1,150
2,3,1,4,800
17,4,128,3,450
20,1,244,5,20000
32,1,68,3,12000
58,3,241,4,800
84,4,259,5,750
98,2,232,2,2400
92,1,59,2,8000
24,2,325,4,4800
99,3,262,5,1000
80,1,76,5,20000
60,2,358,2,2400
81,4,92,3,450
28,2,286,1,1200
72,3,208,1,200
21,2,9,4,4800
43,6,19,3,9000
4,2,150,2,2400
6,3,317,1,200
47,2,15,4,4800
7,2,232,5,6000
2,4,286,2,300
24,5,95,4,1400
48,5,172,5,1750
86,5,176,1,350
7,3,94,1,200
83,5,96,2,700
10,3,202,3,600
76,4,100,3,450
89,3,147,1,200
65,5,219,1,350
95,2,351,3,3600
90,3,52,5,1000
57,6,312,5,15000
42,5,24,1,350
79,4,200,5,750
72,1,229,5,20000
2,6,355,1,3000
48,5,149,1,350
78,2,19,2,2400
45,3,364,3,600
14,3,291,2,400
35,3,255,4,800
34,1,276,5,20000
89,1,173,3,12000
53,5,244,1,350
88,3,100,3,600
21,5,11,4,1400
82,6,106,1,3000
77,1,190,4,16000
19,6,158,1,3000
65,2,81,3,3600
44,5,319,1,350
2,5,254,4,1400
58,1,301,3,12000
1,4,147,4,600
87,1,218,3,12000
49,1,165,4,16000
16,2,278,2,2400
100,5,85,3,1050
96,2,205,5,6000
42,3,184,5,1000
68,4,219,4,600
89,2,227,2,2400
28,1,285,3,12000
51,6,135,5,15000
82,3,330,1,200
14,1,190,2,8000
51,5,171,3,1050
26,2,321,2,2400
46,2,277,5,6000
47,1,87,3,12000
45,4,319,4,600
59,2,271,1,1200
24,1,29,3,12000
7,1,178,4,16000
13,3,284,1,200
98,1,326,3,12000
66,1,171,1,4000
30,2,268,4,4800
25,3,285,4,800
60,4,271,3,450
19,1,58,3,12000
51,5,233,5,1750
85,3,114,1,200
75,2,175,1,1200
48,1,365,1,4000
53,3,103,1,200
43,2,182,5,6000
48,6,64,4,12000
52,5,43,5,1750
49,1,131,1,4000
83,5,221,2,700
80,6,214,4,12000
39,6,175,1,3000
85,4,108,4,600
85,3,305,5,1000
83,5,65,5,1750
8,3,209,3,600
35,2,10,5,6000
81,6,161,5,15000
85,6,287,2,6000
66,2,143,3,3600
27,6,18,3,9000
98,2,115,1,1200
24,3,269,3,600
42,1,322,1,4000
95,1,180,5,20000
72,2,146,4,4800
20,1,120,5,20000
91,5,327,4,1400
51,5,122,1,350
53,6,333,3,9000
50,3,258,3,600
86,4,6,2,300
16,1,40,5,20000
85,2,58,3,3600
65,2,9,4,4800
100,4,82,1,150
46,1,261,4,16000
29,2,178,2,2400
66,6,360,2,6000
100,3,255,1,200
43,4,56,1,150
14,6,26,2,6000
14,3,22,2,400
12,3,322,1,200
64,2,284,5,6000
71,1,162,3,12000
58,6,44,3,9000
59,4,338,1,150
74,4,278,1,150
35,2,5,3,3600
78,6,215,3,9000
8,2,271,5,6000
75,5,114,5,1750
66,5,159,1,350
56,3,277,1,200
9,6,157,2,6000
63,6,177,1,3000
55,1,84,4,16000
87,6,252,2,6000
25,4,78,5,750
18,6,66,4,12000
98,1,232,3,12000
48,2,176,4,4800
27,3,349,4,800
46,5,45,4,1400
8,3,178,3,600
88,3,355,2,400
77,5,140,1,350
94,3,290,5,1000
6,6,211,5,15000
53,1,171,4,16000
60,4,304,2,300
87,3,56,4,800
68,1,136,2,8000
22,1,108,1,4000
71,2,259,3,3600
48,5,318,5,1750
47,5,341,5,1750
45,1,159,3,12000
80,5,350,3,1050
58,3,28,1,200
36,4,154,3,450
69,3,140,2,400
47,1,123,3,12000
14,2,247,3,3600
10,3,137,5,1000
60,4,115,1,150
40,6,317,5,15000
12,3,49,4,800
78,6,120,3,9000
87,2,306,5,6000
27,5,213,2,700
34,4,186,3,450
9,6,304,1,3000
42,3,3,1,200
76,1,247,5,20000
21,3,276,3,600
90,3,218,3,600
93,2,310,4,4800
87,6,289,1,3000
93,3,144,3,600
38,1,44,3,12000
51,6,323,4,12000
63,2,179,5,6000
3,5,302,5,1750
65,2,205,5,6000
93,2,189,1,1200
26,4,111,2,300
61,2,287,2,2400
26,3,342,4,800
45,2,144,2,2400
14,3,50,1,200
32,1,294,3,12000
44,3,192,1,200
81,4,279,4,600
61,2,166,5,6000
12,6,34,4,12000
74,4,17,3,450
45,1,231,2,8000
27,1,115,5,20000
41,1,140,2,8000
38,4,136,2,300
8,6,245,1,3000
38,4,258,2,300
88,6,160,3,9000
85,4,357,3,450
77,2,176,5,6000
22,3,97,2,400
87,3,124,3,600
93,6,172,4,12000
12,5,74,3,1050
58,3,128,5,1000
97,1,255,1,4000
58,1,115,4,16000
18,4,230,2,300
22,2,222,4,4800
75,2,105,1,1200
49,4,181,1,150
26,6,167,5,15000
4,6,10,1,3000
54,3,175,3,600
78,4,205,5,750
53,3,263,3,600
76,5,338,4,1400
41,5,121,3,1050
31,1,151,4,16000
16,6,262,1,3000
21,3,65,1,200
48,4,330,5,750
27,1,221,2,8000
21,1,57,1,4000
41,1,167,3,12000
72,6,28,5,15000
55,2,26,1,1200
42,1,121,2,8000
74,3,52,5,1000
59,5,287,1,350
66,1,346,3,12000
52,1,213,2,8000
9,5,139,1,350
16,2,115,3,3600
85,6,96,3,9000
2,2,354,3,3600
46,6,318,2,6000
94,2,189,2,2400
46,4,34,5,750
65,4,54,4,600
30,6,257,3,9000
82,5,89,1,350
26,4,80,2,300
98,6,22,2,6000
44,3,24,3,600
26,4,311,4,600
62,3,273,4,800
52,1,28,5,20000
16,4,40,2,300
81,3,24,2,400
97,6,206,5,15000
79,1,295,5,20000
79,1,132,5,20000
56,6,315,5,15000
90,4,265,5,750
3,3,204,4,800
3,1,135,2,8000
4,6,251,3,9000
80,3,317,3,600
6,5,3,2,700
62,3,252,3,600
33,6,74,2,6000
79,6,293,2,6000
45,3,91,2,400
56,3,283,5,1000
55,6,195,1,3000
11,2,276,4,4800
34,5,21,2,700
71,3,25,1,200
68,1,190,4,16000
98,5,38,3,1050
99,5,302,3,1050
61,3,334,1,200
75,5,334,3,1050
95,5,164,5,1750
63,1,215,4,16000
16,4,240,2,300
85,4,122,1,150
54,6,130,4,12000
78,3,86,2,400
12,1,114,5,20000
32,5,155,2,700
57,6,307,3,9000
33,6,62,4,12000
51,2,67,3,3600
63,5,79,5,1750
30,6,47,2,6000
30,4,79,1,150
54,3,238,1,200
60,3,16,3,600
52,1,209,4,16000
27,6,180,2,6000
23,5,146,2,700
25,1,232,4,16000
46,3,301,2,400
6,6,173,3,9000
5,4,148,3,450
82,3,165,5,1000
30,6,295,5,15000
44,3,223,4,800
3,6,86,2,6000
42,1,212,3,12000
61,5,319,5,1750
32,4,290,3,450
38,2,61,4,4800
57,1,111,3,12000
44,1,67,2,8000
82,5,85,3,1050
42,1,312,4,16000
54,5,231,1,350
80,1,27,1,4000
11,5,114,2,700
22,5,11,1,350
70,5,221,5,1750
29,4,347,4,600
53,1,355,4,16000
91,5,182,3,1050
19,6,209,4,12000
5,6,101,4,12000
53,1,237,1,4000
69,5,207,2,700
45,1,231,3,12000
30,1,313,5,20000
78,1,290,3,12000
44,3,181,3,600
7,4,237,5,750
98,3,9,2,400
85,3,213,3,600
34,1,176,3,12000
24,4,326,4,600
82,4,15,3,450
52,5,28,1,350
50,4,271,5,750
3,2,145,5,6000
3,5,238,4,1400
73,6,313,4,12000
35,6,285,4,12000
47,2,60,3,3600
81,6,113,3,9000
23,5,316,2,700
66,2,179,5,6000
20,4,116,2,300
55,3,154,4,800
56,4,140,4,600
50,2,129,3,3600
69,1,345,1,4000
46,6,218,4,12000
36,6,274,5,15000
75,3,100,5,1000
2,2,360,1,1200
9,4,310,4,600
73,3,220,2,400
93,1,311,1,4000
53,4,74,5,750
14,1,311,3,12000
47,1,212,2,8000
9,2,220,4,4800
11,1,128,4,16000
18,3,182,3,600
26,5,27,3,1050
59,6,91,5,15000
90,5,261,5,1750
72,4,211,1,150
31,1,19,2,8000
24,1,112,2,8000
76,5,226,2,700
2,3,73,5,1000
6,4,255,3,450
68,1,269,3,12000
38,2,317,1,1200
44,5,251,4,1400
81,3,365,4,800
44,4,336,2,300
92,1,304,2,8000
21,1,291,4,16000
92,5,289,4,1400
38,6,299,5,15000
30,4,14,2,300
45,4,195,4,600
66,3,229,4,800
83,1,77,2,8000
72,1,177,4,16000
19,6,250,5,15000
9,3,218,2,400
18,4,99,5,750
94,1,345,1,4000
75,2,296,5,6000
95,4,222,1,150
66,4,304,2,300
6,1,114,3,12000
13,6,120,1,3000
82,1,160,4,16000
25,2,157,4,4800
74,6,54,3,9000
70,1,173,1,4000
57,4,182,4,600
11,4,273,5,750
23,4,143,3,450
53,2,230,4,4800
48,4,55,5,750
36,1,164,4,16000
34,4,227,2,300
64,2,170,5,6000
22,1,10,3,12000
54,5,212,2,700
76,6,93,1,3000
85,2,352,2,2400
62,6,163,5,15000
89,2,79,4,4800
37,3,227,4,800
87,1,304,2,8000
35,2,27,4,4800
78,6,303,4,12000
78,1,131,3,12000
45,3,43,5,1000
6,3,237,1,200
41,1,32,5,20000
66,1,145,1,4000
53,1,142,5,20000
71,4,324,3,450
32,6,225,5,15000
84,6,2,2,6000
77,6,273,2,6000
27,2,98,5,6000
49,3,201,3,600
8,6,295,1,3000
20,1,110,1,4000
64,4,254,3,450
2,5,91,1,350
87,6,31,4,12000
83,4,116,5,750
96,1,286,3,12000
74,6,73,3,9000
40,3,280,4,800
12,2,240,5,6000
33,2,83,5,6000
88,4,113,4,600
50,1,41,2,8000
89,1,91,1,4000
18,2,189,2,2400
78,5,217,4,1400
70,2,152,2,2400
85,4,14,4,600
31,6,96,4,12000
48,6,20,4,12000
22,1,315,2,8000
64,4,151,5,750
41,1,105,3,12000
81,1,84,4,16000
97,1,97,2,8000
1,6,68,1,3000
65,3,287,1,200
23,2,236,4,4800
74,2,16,5,6000
77,3,351,3,600
85,4,211,5,750
41,6,111,1,3000
3,6,271,4,12000
68,4,172,5,750
1,4,261,3,450
66,2,190,1,1200
20,6,291,1,3000
100,4,63,4,600
34,5,121,4,1400
53,1,346,1,4000
84,2,157,4,4800
83,5,323,2,700
48,1,112,1,4000
8,6,359,4,12000
54,1,198,4,16000
7,4,351,5,750
58,2,212,1,1200
60,2,360,1,1200
8,6,289,2,6000
76,2,305,1,1200
17,6,86,4,12000
75,3,29,5,1000
10,1,209,4,16000
84,5,293,2,700
18,4,18,5,750
79,6,260,1,3000
84,1,183,4,16000
85,4,345,5,750
82,1,102,5,20000
81,6,213,3,9000
13,5,262,3,1050
74,5,107,4,1400
41,3,52,3,600
16,6,154,4,12000
60,6,64,5,15000
22,4,68,4,600
30,1,139,1,4000
34,2,137,1,1200
85,6,67,3,9000
16,6,139,1,3000
56,1,243,3,12000
95,5,121,1,350
33,5,7,3,1050
87,3,93,1,200
89,5,242,5,1750
97,3,187,4,800
83,2,330,1,1200
99,1,199,3,12000
91,6,104,4,12000
67,2,256,2,2400
76,2,276,3,3600
32,1,181,1,4000
80,5,237,1,350
66,6,289,4,12000
37,2,333,1,1200
6,6,335,4,12000
41,2,252,1,1200
29,1,323,2,8000
31,6,342,1,3000
98,2,24,3,3600
47,1,193,5,20000
3,5,184,2,700
77,4,28,2,300
44,6,17,3,9000
88,2,113,3,3600
71,6,131,2,6000
19,2,364,4,4800
37,1,330,5,20000
13,2,104,4,4800
76,6,229,4,12000
100,5,314,1,350
76,5,318,4,1400
43,5,244,5,1750
29,4,84,4,600
71,3,9,2,400
62,3,277,4,800
44,6,139,3,9000
8,2,31,3,3600
19,4,17,2,300
47,5,226,1,350
80,1,285,4,16000
16,2,232,3,3600
36,5,53,2,700
23,5,21,5,1750
21,1,121,5,20000
64,1,325,2,8000
21,2,268,4,4800
13,5,243,3,1050
95,1,182,2,8000
86,1,50,4,16000
80,2,184,3,3600
100,5,87,2,700
58,6,248,5,15000
29,4,350,5,750
82,4,303,3,450
76,5,214,1,350
99,1,162,2,8000
13,3,171,5,1000
94,2,137,2,2400
44,2,333,3,3600
74,1,328,2,8000
5,4,17,2,300
43,5,356,5,1750
33,3,11,5,1000
76,6,39,3,9000
74,4,176,5,750
19,2,207,5,6000
68,5,248,2,700
25,6,26,5,15000
33,5,351,2,700
1,6,203,2,6000
54,5,29,1,350
50,5,8,2,700
12,5,160,5,1750
63,4,214,4,600
53,1,179,1,4000
41,3,256,2,400
11,6,272,4,12000
73,3,280,5,1000
19,3,216,1,200
63,1,363,2,8000
9,1,346,2,8000
55,1,86,2,8000
36,4,291,2,300
70,3,73,5,1000
100,4,319,3,450
78,4,201,2,300
6,4,108,4,600
80,4,174,1,150
38,3,102,3,600
9,2,316,4,4800
84,6,20,2,6000
70,6,215,5,15000
97,2,121,2,2400
88,1,248,2,8000
93,2,144,1,1200
3,4,100,2,300
93,1,167,5,20000
64,3,115,4,800
95,5,70,2,700
81,4,295,1,150
79,2,246,3,3600
20,4,349,4,600
88,6,336,2,6000
26,1,273,2,8000
34,3,136,5,1000
76,1,213,1,4000
92,1,128,3,12000
36,2,352,2,2400
100,3,148,1,200
68,5,126,5,1750
95,5,326,5,1750
94,4,303,4,600
77,5,92,3,1050
84,5,260,1,350
4,3,4,2,400
22,5,119,5,1750
28,1,131,1,4000
95,4,306,5,750
71,1,133,5,20000
96,4,207,5,750
19,6,40,2,6000
70,6,152,2,6000
35,5,171,2,700
41,1,365,2,8000
51,2,96,5,6000
70,3,283,1,200
47,3,190,4,800
7,4,146,2,300
44,3,201,5,1000
33,2,338,5,6000
71,3,228,3,600
62,6,149,5,15000
8,3,26,2,400
64,5,79,1,350
54,2,262,3,3600
22,5,37,2,700
18,2,179,5,6000
29,1,11,2,8000
61,1,299,3,12000
88,4,143,3,450
21,5,139,4,1400
58,3,351,2,400
15,6,365,2,6000
4,1,149,1,4000
61,3,192,5,1000
72,6,54,2,6000
27,2,128,5,6000
37,6,218,3,9000
21,6,234,3,9000
48,3,215,4,800
64,2,191,4,4800
22,2,359,2,2400
50,5,251,1,350
49,5,127,5,1750
65,5,295,1,350
55,6,40,4,12000
27,6,326,5,15000
27,2,236,1,1200
63,6,111,2,6000
23,3,85,2,400
79,4,28,2,300
51,4,256,1,150
83,2,171,5,6000
60,6,163,5,15000
58,3,179,1,200
28,1,219,2,8000
78,3,293,1,200
84,2,121,5,6000
96,2,325,2,2400
41,5,254,5,1750
48,5,33,3,1050
29,2,232,3,3600
99,5,182,5,1750
26,6,29,2,6000
19,3,84,5,1000
73,6,199,2,6000
2,5,257,4,1400
10,4,246,3,450
40,2,17,3,3600
33,5,188,3,1050
85,4,173,1,150
34,4,265,1,150
18,6,31,4,12000
16,6,256,1,3000
74,6,61,4,12000
46,5,272,4,1400
80,1,202,5,20000
50,5,294,3,1050
19,5,255,4,1400
56,6,40,2,6000
80,6,188,3,9000
2,5,275,4,1400
38,1,270,3,12000
95,3,336,2,400
86,4,26,5,750
4,5,264,1,350
81,1,322,3,12000
37,6,324,5,15000
49,4,81,4,600
87,3,334,1,200
97,3,165,3,600
16,3,187,5,1000
42,6,14,5,15000
41,5,297,4,1400
20,4,39,1,150
66,6,307,5,15000
60,5,35,1,350
23,3,155,3,600
56,1,145,5,20000
50,3,86,2,400
78,6,358,5,15000
19,3,308,4,800
1,5,356,4,1400
48,6,352,1,3000
30,4,326,5,750
73,4,33,4,600
78,1,284,3,12000
36,5,107,5,1750
35,3,162,3,600
12,3,13,3,600
9,6,6,5,15000
51,5,324,5,1750
8,6,8,1,3000
32,2,166,1,1200
21,1,84,3,12000
30,4,150,3,450
47,2,306,5,6000
53,4,306,2,300
53,6,213,3,9000
87,2,200,3,3600
7,4,299,5,750
13,1,207,1,4000
59,3,339,3,600
20,1,235,3,12000
18,3,154,1,200
57,3,26,3,600
86,5,290,1,350
90,5,263,1,350
40,3,318,4,800
42,4,259,4,600
26,4,42,1,150
41,2,147,5,6000
53,4,233,3,450
7,4,295,3,450
92,5,43,5,1750
33,1,346,4,16000
96,2,47,3,3600
53,1,15,5,20000
94,3,279,1,200
7,1,95,1,4000
59,2,71,1,1200
52,4,162,1,150
6,6,108,1,3000
70,6,9,4,12000
59,5,110,5,1750
36,4,182,2,300
33,3,23,5,1000
91,6,219,1,3000
11,3,84,4,800
93,6,137,3,9000
41,5,76,5,1750
64,6,47,5,15000
45,4,118,1,150
79,3,327,1,200
51,6,50,3,9000
11,2,48,1,1200
46,3,71,1,200
63,3,327,4,800
31,6,262,2,6000
86,6,69,2,6000
87,3,12,2,400
53,1,259,4,16000
92,5,19,4,1400
40,3,280,5,1000
22,3,279,3,600
61,3,16,1,200
77,3,298,4,800
82,3,229,1,200
77,6,117,5,15000
90,4,96,4,600
11,3,202,2,400
50,1,244,1,4000
93,2,71,4,4800
31,1,40,2,8000
22,3,205,3,600
46,2,148,4,4800
42,3,215,1,200
2,4,169,5,750
59,3,244,1,200
11,3,318,2,400
99,2,320,2,2400
74,2,250,5,6000
11,2,101,4,4800
43,2,124,2,2400
82,4,22,5,750
56,6,185,3,9000
35,4,237,5,750
98,1,158,2,8000
57,1,305,3,12000
80,6,261,4,12000
45,2,10,4,4800
91,5,37,4,1400
27,4,328,4,600
1,6,254,5,15000
12,6,20,5,15000
47,6,176,1,3000
3,3,50,5,1000
48,6,102,3,9000
45,4,101,1,150
74,2,158,1,1200
76,6,346,1,3000
91,1,330,1,4000
27,4,288,1,150
88,2,51,4,4800
63,2,21,3,3600
67,1,29,1,4000
76,5,82,3,1050
79,2,216,4,4800
40,1,184,3,12000
100,2,18,4,4800
12,3,60,1,200
11,2,218,2,2400
10,4,342,4,600
10,6,119,1,3000
12,1,155,4,16000
48,3,47,1,200
48,5,132,2,700
19,2,69,3,3600
8,4,251,1,150
76,6,270,3,9000
13,6,242,4,12000
47,5,348,5,1750
26,4,1,1,150
56,6,235,2,6000
25,1,196,3,12000
7,4,335,2,300
55,1,235,5,20000
27,1,163,2,8000
79,5,337,1,350
58,6,317,2,6000
13,4,346,5,750
2,1,26,4,16000
53,6,328,4,12000
40,3,57,2,400
93,2,66,5,6000
54,3,4,3,600
61,3,33,1,200
89,5,182,4,1400
29,4,104,5,750
10,1,234,5,20000
89,6,253,3,9000
67,1,45,1,4000
64,1,357,2,8000
17,3,22,1,200
71,4,193,2,300
1,3,135,2,400
40,1,254,3,12000
50,3,193,2,400
50,6,332,4,12000
57,6,243,4,12000
27,4,104,4,600
28,1,136,1,4000
58,5,285,3,1050
67,5,321,1,350
34,4,24,1,150
74,5,178,2,700
47,6,361,3,9000
29,6,194,3,9000
79,6,227,4,12000
15,6,262,4,12000
88,6,292,4,12000
81,5,345,5,1750
93,1,196,1,4000
64,3,269,1,200
71,4,162,1,150
72,4,84,2,300
80,3,323,1,200
65,1,212,4,16000
38,2,14,2,2400
55,1,216,4,16000
90,5,267,4,1400
93,6,275,2,6000
99,1,29,1,4000
35,5,297,5,1750
45,5,103,5,1750
46,2,64,2,2400
38,5,285,5,1750
87,5,250,2,700
26,4,90,4,600
76,4,139,2,300
62,3,191,5,1000
41,2,233,4,4800
65,5,99,2,700
60,3,277,4,800
69,3,41,2,400
56,2,320,3,3600
95,6,350,5,15000
8,2,219,1,1200
17,4,352,2,300
48,6,18,1,3000
30,1,168,3,12000
92,4,233,5,750
93,1,55,1,4000
65,6,339,4,12000
59,3,124,2,400
12,3,365,1,200
45,4,63,5,750
24,1,187,2,8000
65,2,232,4,4800
25,6,354,2,6000
49,1,290,2,8000
91,4,205,4,600
56,4,164,3,450
42,2,31,2,2400
11,1,81,3,12000
76,5,268,4,1400
82,6,248,3,9000
82,2,97,3,3600
92,1,225,3,12000
75,6,30,3,9000
1,1,216,5,20000
13,6,328,1,3000
79,3,256,5,1000
52,1,46,3,12000
1,1,101,5,20000
55,6,20,5,15000
60,5,335,2,700
55,6,325,4,12000
7,3,252,5,1000
1,6,208,1,3000
40,3,228,5,1000
5,2,72,4,4800
13,1,270,2,8000
12,4,77,3,450
64,3,152,2,400
24,5,132,1,350
74,1,67,5,20000
48,1,235,2,8000
17,6,28,1,3000
92,4,6,5,750
96,5,333,3,1050
51,5,216,5,1750
71,5,169,3,1050
23,3,15,5,1000
28,2,225,2,2400
16,6,24,1,3000
84,6,61,1,3000
84,1,33,5,20000
67,2,335,2,2400
89,4,163,2,300
55,2,300,3,3600
81,5,10,1,350
20,6,234,5,15000
39,1,331,5,20000
73,4,260,2,300
77,4,238,1,150
100,3,208,1,200
65,2,110,3,3600
97,6,35,1,3000
73,3,275,5,1000
66,4,57,2,300
91,5,354,5,1750
5,1,315,2,8000
86,5,75,1,350
16,5,25,3,1050
74,6,269,1,3000
96,5,117,1,350
100,3,347,4,800
58,3,98,3,600
44,1,296,5,20000
77,2,324,4,4800
49,6,222,2,6000
74,1,277,1,4000
76,5,130,4,1400
35,4,70,2,300
33,3,293,4,800
68,2,98,3,3600
67,4,285,4,600
40,2,295,1,1200
48,4,12,2,300
71,3,121,4,800
47,4,296,4,600
71,2,124,3,3600
66,5,30,2,700
38,6,188,1,3000
62,6,33,4,12000
79,5,155,3,1050
34,1,114,5,20000
11,2,208,2,2400
67,5,146,5,1750
80,5,58,5,1750
45,5,188,3,1050
3,4,41,1,150
11,1,364,4,16000
10,2,343,4,4800
51,5,163,1,350
72,4,167,1,150
48,3,219,4,800
15,6,145,3,9000
10,1,190,1,4000
35,6,77,1,3000
75,2,131,2,2400
78,6,178,1,3000
44,6,21,4,12000
78,5,351,5,1750
64,1,89,1,4000
23,5,251,4,1400
90,6,271,5,15000
46,2,326,1,1200
68,3,362,3,600
71,5,107,3,1050
24,2,229,1,1200
13,1,191,1,4000
84,6,109,1,3000
6,3,46,1,200
30,4,262,3,450
50,1,92,3,12000
84,1,251,3,12000
53,2,124,2,2400
47,5,94,2,700
68,2,329,1,1200
81,2,164,3,3600
9,6,189,5,15000
41,5,88,1,350
51,4,142,3,450
74,4,176,1,150
8,2,303,4,4800
40,6,216,3,9000
92,3,169,2,400
39,2,96,1,1200
46,4,344,2,300
72,6,79,5,15000
85,2,217,4,4800
48,2,4,1,1200
22,1,1,2,8000
74,2,112,5,6000
24,3,264,3,600
91,5,209,3,1050
71,1,346,1,4000
11,2,158,2,2400
46,4,31,5,750
58,5,342,2,700
13,4,29,2,300
31,3,332,4,800
71,3,180,4,800
59,5,208,3,1050
64,6,270,5,15000
100,3,311,5,1000
40,5,308,4,1400
88,5,343,2,700
48,1,295,3,12000
16,6,132,1,3000
11,5,195,1,350
91,6,175,4,12000
99,5,351,1,350
55,1,282,3,12000
55,4,10,3,450
37,3,23,5,1000
96,2,263,5,6000
32,5,9,3,1050
33,5,174,4,1400
12,4,263,1,150
66,3,362,1,200
27,2,217,1,1200
61,5,218,2,700
26,5,65,2,700
74,1,271,1,4000
9,3,5,2,400
55,6,121,1,3000
61,3,270,3,600
65,3,275,4,800
71,1,63,4,16000
63,5,166,3,1050
66,6,121,4,12000
13,1,231,2,8000
67,5,5,2,700
37,4,30,2,300
83,6,185,4,12000
84,3,305,2,400
67,2,192,1,1200
53,4,185,1,150
76,4,6,4,600
91,4,365,4,600
2,5,252,2,700
10,4,323,3,450
65,6,135,2,6000
9,3,364,1,200
70,2,203,4,4800
82,5,302,5,1750
93,5,146,2,700
71,5,190,3,1050
89,2,328,2,2400
85,3,41,5,1000
86,6,85,3,9000
55,4,286,2,300
68,2,223,5,6000
37,4,165,4,600
13,1,340,2,8000
13,5,204,4,1400
52,6,191,4,12000
70,1,362,1,4000
83,1,85,3,12000
48,2,197,5,6000
68,1,199,4,16000
68,4,304,4,600
77,3,106,2,400
51,2,152,4,4800
45,1,138,1,4000
66,3,54,3,600
95,5,309,3,1050
12,5,100,3,1050
78,6,44,3,9000
18,4,245,2,300
83,3,318,1,200
7,1,311,5,20000
2,6,147,1,3000
88,2,221,5,6000
70,3,291,4,800
33,5,301,4,1400
83,3,106,3,600
68,3,263,3,600
99,3,343,3,600
63,4,7,5,750
50,1,190,1,4000
95,2,332,4,4800
97,3,196,4,800
3,4,312,5,750
80,3,166,5,1000
58,5,8,1,350
16,6,212,4,12000
96,1,364,1,4000
55,6,195,1,3000
57,3,353,2,400
100,5,8,4,1400
31,5,20,5,1750
86,4,140,2,300
22,2,63,1,1200
56,2,63,3,3600
86,2,204,5,6000
14,3,161,5,1000
63,5,128,2,700
48,6,251,3,9000
4,3,13,1,200
94,4,258,1,150
13,3,132,2,400
100,1,43,5,20000
45,1,340,4,16000
61,2,267,5,6000
46,5,31,5,1750
61,1,179,4,16000
87,6,258,5,15000
61,2,307,4,4800
86,1,270,3,12000
16,4,243,4,600
9,1,11,3,12000
58,1,227,5,20000
62,5,140,2,700
73,4,349,1,150
54,1,274,5,20000
78,2,213,3,3600
25,4,77,4,600
9,5,15,4,1400
70,3,105,4,800
24,4,85,3,450
26,5,62,5,1750
7,1,130,4,16000
11,2,10,5,6000
71,5,176,1,350
86,3,46,3,600
92,2,321,4,4800
39,4,134,2,300
8,5,91,2,700
66,1,321,3,12000
39,5,341,5,1750
20,6,201,5,15000
3,3,247,1,200
44,1,110,4,16000
86,1,200,3,12000
21,6,132,5,15000
59,5,338,3,1050
82,6,125,1,3000
31,6,69,5,15000
76,6,63,5,15000
45,1,9,5,20000
43,5,100,1,350
1,3,85,1,200
75,1,31,4,16000
9,2,164,1,1200
37,5,207,4,1400
63,3,117,3,600
96,3,249,3,600
37,5,173,2,700
72,1,335,3,12000
62,2,300,5,6000
39,3,239,3,600
91,2,62,1,1200
67,2,55,1,1200
3,6,363,4,12000
36,4,197,2,300
82,4,113,2,300
40,6,231,1,3000
1,3,55,1,200
70,1,225,3,12000
42,4,273,5,750
76,3,49,3,600
32,3,356,5,1000
80,1,238,1,4000
23,6,94,2,6000
73,3,235,3,600
37,3,138,1,200
91,4,269,4,600
92,6,82,1,3000
49,1,193,4,16000
43,5,11,1,350
89,1,169,2,8000
64,1,241,4,16000
55,4,120,2,300
70,5,228,2,700
25,1,25,5,20000
15,6,64,1,3000
96,4,235,4,600
96,4,141,2,300
20,6,289,1,3000
13,4,166,5,750
38,2,41,3,3600
73,4,302,2,300
4,4,356,1,150
70,2,308,4,4800
33,1,33,5,20000
3,5,170,3,1050
33,2,197,3,3600
73,2,333,5,6000
66,1,87,1,4000
15,3,139,4,800
10,3,108,4,800
35,1,187,3,12000
22,4,302,2,300
22,4,145,3,450
70,4,99,4,600
46,3,160,4,800
8,2,22,5,6000
64,2,13,3,3600
35,6,51,3,9000
35,2,162,2,2400
8,4,110,5,750
51,1,153,4,16000
98,4,72,5,750
29,1,304,5,20000
87,6,116,3,9000
25,5,288,4,1400
41,4,248,2,300
40,2,45,5,6000
90,2,203,2,2400
76,5,71,3,1050
4,4,15,4,600
22,1,186,1,4000
66,6,176,4,12000
21,4,113,5,750
10,4,248,2,300
11,2,177,3,3600
25,3,40,1,200
67,3,267,2,400
21,1,287,2,8000
2,2,112,4,4800
67,3,240,1,200
12,3,291,2,400
83,6,6,5,15000
62,1,29,4,16000
96,4,146,2,300
11,3,39,2,400
57,2,192,3,3600
35,6,306,1,3000
31,3,122,4,800
55,1,296,5,20000
39,6,185,4,12000
89,4,166,1,150
45,4,279,1,150
85,5,95,2,700
18,4,129,3,450
85,1,47,4,16000
2,3,304,5,1000
78,3,271,2,400
4,1,275,2,8000
52,4,229,1,150
56,3,354,2,400
52,4,62,1,150
100,1,220,3,12000
50,3,110,5,1000
27,1,62,5,20000
50,4,219,3,450
88,2,14,1,1200
71,6,147,3,9000
21,3,196,5,1000
58,4,74,4,600
45,2,76,3,3600
14,5,345,2,700
31,3,241,3,600
78,6,340,2,6000
75,4,277,3,450
28,2,341,2,2400
17,2,196,2,2400
89,1,283,1,4000
67,2,168,2,2400
8,3,88,4,800
64,3,273,5,1000
3,3,345,2,400
8,3,349,5,1000
1,5,131,4,1400
23,4,347,2,300
60,2,231,3,3600
7,2,301,5,6000
44,4,4,5,750
88,4,319,5,750
59,6,169,3,9000
74,3,111,1,200
39,5,209,4,1400
96,2,74,4,4800
20,6,307,3,9000
77,1,262,3,12000
53,3,7,1,200
52,2,228,1,1200
4,4,223,1,150
89,5,356,1,350
91,6,282,3,9000
81,4,349,2,300
85,1,333,4,16000
13,1,279,5,20000
1,1,297,5,20000
93,1,152,4,16000
66,4,59,4,600
38,4,95,1,150
29,6,61,3,9000
8,4,328,3,450
44,6,206,4,12000
15,2,63,2,2400
91,4,83,5,750
42,6,155,3,9000
27,5,94,5,1750
14,1,331,1,4000
12,1,256,5,20000
5,3,181,3,600
70,1,175,5,20000
1,6,158,2,6000
100,6,260,3,9000
59,5,217,1,350
16,5,292,3,1050
94,6,293,4,12000
62,3,318,3,600
3,5,86,1,350
38,6,214,4,12000
40,1,266,4,16000
88,6,232,1,3000
100,4,96,5,750
81,1,156,1,4000
48,6,304,1,3000
28,3,296,2,400
35,3,92,4,800
72,1,125,3,12000
26,2,256,5,6000
10,2,196,4,4800
2,3,123,5,1000
32,5,114,5,1750
33,3,357,5,1000
32,4,313,5,750
68,4,62,2,300
2,4,49,5,750
42,3,249,4,800
32,4,33,3,450
77,6,211,2,6000
53,1,91,1,4000
91,5,207,1,350
55,6,126,1,3000
78,2,285,2,2400
74,6,114,2,6000
64,5,220,4,1400
12,1,205,3,12000
66,1,268,3,12000
51,3,160,1,200
24,1,269,4,16000
36,6,265,2,6000
73,2,128,4,4800
77,6,349,3,9000
48,5,298,2,700
35,6,346,2,6000
9,1,243,4,16000
77,3,322,2,400
57,5,139,5,1750
50,4,105,1,150
49,4,163,2,300
97,1,20,4,16000
80,2,273,5,6000
78,5,242,1,350
95,5,163,4,1400
31,5,187,3,1050
52,4,358,3,450
54,2,276,5,6000
76,1,239,2,8000
6,4,80,1,150
86,4,365,2,300
75,2,129,2,2400
69,2,199,3,3600
14,5,242,4,1400
56,2,282,4,4800
49,5,163,1,350
79,4,120,3,450
53,5,309,1,350
17,3,36,1,200
36,5,293,1,350
71,5,23,2,700
24,3,165,3,600
14,2,121,4,4800
59,6,69,4,12000
92,4,156,3,450
1,6,276,3,9000
66,3,188,4,800
1,3,111,1,200
54,1,182,3,12000
20,4,34,2,300
48,5,5,2,700
65,6,79,1,3000
82,2,31,5,6000
5,5,115,5,1750
54,2,105,3,3600
99,1,207,3,12000
48,3,297,1,200
40,1,302,4,16000
95,2,27,1,1200
96,2,247,1,1200
17,1,349,4,16000
47,5,193,5,1750
39,2,97,1,1200
65,1,269,5,20000
81,3,32,5,1000
18,1,114,1,4000
16,6,91,5,15000
14,5,40,4,1400
57,4,148,1,150
31,1,94,2,8000
37,1,337,5,20000
92,5,233,4,1400
40,1,18,5,20000
100,2,323,2,2400
4,6,233,3,9000
30,2,44,2,2400
78,1,86,5,20000
90,4,95,3,450
65,6,258,2,6000
97,4,151,4,600
25,2,82,4,4800
11,1,194,2,8000
96,4,239,1,150
53,3,344,3,600
84,5,281,3,1050
34,3,5,2,400
12,6,365,5,15000
7,1,158,1,4000
98,4,295,1,150
80,3,61,3,600
71,3,252,1,200
40,6,265,3,9000
82,1,81,1,4000
87,6,262,5,15000
63,2,285,1,1200
37,4,10,3,450
79,2,145,1,1200
49,2,49,3,3600
31,6,95,4,12000
15,6,240,1,3000
56,5,277,1,350
39,3,16,2,400
64,4,276,2,300
50,4,144,3,450
49,2,74,3,3600
50,1,337,5,20000
7,2,43,1,1200
9,6,157,3,9000
56,2,166,1,1200
70,6,131,1,3000
12,2,254,1,1200
96,4,310,1,150
81,2,84,5,6000
8,1,139,2,8000
34,3,214,3,600
89,2,171,5,6000
13,4,217,5,750
16,6,272,1,3000
61,5,234,3,1050
19,2,277,2,2400
94,3,28,5,1000
99,4,68,3,450
63,3,91,4,800
16,1,308,4,16000
32,4,30,5,750
69,3,296,2,400
37,5,195,5,1750
3,5,84,2,700
37,3,177,2,400
79,2,86,3,3600
49,6,244,4,12000
34,6,73,1,3000
64,1,318,3,12000
16,2,51,5,6000
1,4,180,2,300
96,1,90,4,16000
91,3,211,4,800
15,5,241,2,700
76,5,89,4,1400
61,4,208,4,600
91,1,144,1,4000
63,2,140,1,1200
87,1,174,2,8000
4,6,363,2,6000
63,2,163,4,4800
41,6,132,5,15000
70,4,86,3,450
59,4,169,2,300
14,4,238,2,300
86,3,103,4,800
56,2,267,1,1200
3,5,274,3,1050
53,5,264,3,1050
83,6,86,1,3000
18,5,15,2,700
81,5,248,2,700
43,4,26,4,600
29,1,45,5,20000
54,6,59,5,15000
71,3,40,5,1000
77,6,93,2,6000
45,5,331,1,350
62,2,272,2,2400
88,6,86,1,3000
100,6,28,2,6000
81,1,281,3,12000
48,2,70,3,3600
37,3,334,5,1000
24,3,9,3,600
61,3,337,4,800
77,6,215,1,3000
39,1,5,2,8000
16,6,250,2,6000
96,6,176,1,3000
20,1,168,3,12000
71,1,246,4,16000
36,3,153,2,400
24,1,164,5,20000
66,6,324,4,12000
53,4,332,1,150
24,3,301,5,1000
24,6,365,4,12000
99,4,282,5,750
60,4,286,4,600
36,1,308,4,16000
79,6,110,1,3000
89,2,181,1,1200
62,2,114,3,3600
51,4,261,1,150
42,3,112,3,600
93,6,100,3,9000
89,6,268,3,9000
94,1,305,5,20000
95,1,97,1,4000
2,2,62,5,6000
52,5,196,2,700
63,4,99,4,600
70,1,314,3,12000
39,1,50,1,4000
19,2,288,3,3600
15,3,231,3,600
58,4,8,3,450
18,4,81,4,600
42,3,126,5,1000
66,1,350,4,16000
6,5,4,5,1750
5,3,319,5,1000
90,1,194,5,20000
3,1,282,4,16000
16,5,129,3,1050
84,3,248,4,800
5,6,358,4,12000
97,6,342,1,3000
90,1,322,3,12000
49,2,190,2,2400
5,6,197,2,6000
42,5,167,3,1050
58,5,108,3,1050
88,6,287,5,15000
43,6,18,3,9000
55,4,173,4,600
14,5,265,4,1400
5,3,353,1,200
93,3,173,1,200
67,4,330,4,600
99,6,327,2,6000
24,5,118,3,1050
54,6,29,4,12000
30,4,36,3,450
57,1,264,1,4000
74,2,124,4,4800
21,1,201,5,20000
74,6,117,3,9000
47,2,362,4,4800
54,4,220,5,750
20,5,21,1,350
32,1,135,2,8000
70,5,153,1,350
21,2,180,4,4800
58,2,289,4,4800
41,2,113,5,6000
58,1,241,3,12000
94,2,307,4,4800
91,5,53,2,700
57,4,261,5,750
27,4,62,5,750
87,1,192,1,4000
53,3,239,4,800
85,6,101,4,12000
77,1,225,2,8000
73,5,226,4,1400
58,2,340,4,4800
74,4,59,4,600
8,3,14,2,400
75,1,239,2,8000
6,5,294,1,350
31,3,327,5,1000
40,6,49,3,9000
33,2,39,2,2400
62,2,149,2,2400
89,2,203,1,1200
81,1,321,1,4000
11,4,21,3,450
97,1,261,2,8000
66,6,113,5,15000
97,3,30,4,800
10,2,253,4,4800
13,5,142,3,1050
7,5,219,4,1400
17,5,244,3,1050
75,1,2,4,16000
27,1,323,3,12000
41,5,142,2,700
25,6,348,4,12000
63,1,317,1,4000
49,5,57,4,1400
71,6,332,5,15000
58,1,242,1,4000
44,3,120,5,1000
83,2,333,3,3600
87,3,88,1,200
43,5,194,5,1750
97,5,302,2,700
61,3,10,2,400
46,1,123,3,12000
64,6,200,5,15000
67,2,57,1,1200
48,1,88,5,20000
81,3,66,4,800
3,6,210,2,6000
70,6,66,2,6000
91,3,212,4,800
26,4,180,5,750
94,4,117,4,600
16,2,236,2,2400
59,1,208,3,12000
24,6,344,4,12000
39,6,244,5,15000
37,6,92,1,3000
97,4,94,2,300
90,2,128,3,3600
43,6,345,5,15000
10,4,153,1,150
28,6,184,5,15000
29,1,254,4,16000
62,6,227,3,9000
2,1,310,5,20000
12,5,158,1,350
25,1,191,5,20000
80,1,254,5,20000
92,5,203,1,350
55,1,93,4,16000
69,3,191,2,400
51,5,161,4,1400
95,4,50,2,300
18,3,256,3,600
20,6,317,2,6000
43,6,122,1,3000
22,1,54,5,20000
38,1,62,5,20000
33,6,239,2,6000
3,5,122,4,1400
2,5,47,3,1050
20,6,225,5,15000
75,4,99,2,300
38,6,51,4,12000
94,2,332,3,3600
83,3,184,5,1000
31,5,264,5,1750
16,2,114,4,4800
9,5,358,5,1750
99,2,200,3,3600
84,3,140,4,800
71,5,230,2,700
89,6,327,4,12000
62,5,174,5,1750
59,1,35,5,20000
23,5,57,4,1400
55,3,217,3,600
4,6,235,3,9000
61,2,289,3,3600
61,6,143,3,9000
23,6,81,2,6000
32,2,262,3,3600
15,2,79,4,4800
91,3,140,1,200
34,2,165,4,4800
57,3,198,1,200
7,3,325,2,400
33,4,326,3,450
44,3,120,2,400
77,6,226,3,9000
9,5,167,2,700
58,6,36,1,3000
34,2,249,2,2400
96,6,310,3,9000
52,1,100,3,12000
89,4,216,4,600
54,4,322,2,300
22,2,149,4,4800
69,4,3,5,750
40,3,265,1,200
40,5,148,3,1050
39,4,43,1,150
21,3,162,5,1000
14,1,25,1,4000
87,4,127,1,150
23,4,60,1,150
70,5,262,5,1750
43,6,137,2,6000
40,3,109,3,600
59,1,7,4,16000
90,4,225,1,150
77,2,307,5,6000
52,4,353,4,600
35,3,319,2,400
28,4,116,5,750
30,4,264,2,300
94,1,317,4,16000
43,6,113,3,9000
86,2,357,1,1200
6,6,16,1,3000
71,4,266,3,450
61,3,176,1,200
63,5,73,1,350
26,1,218,3,12000
74,1,22,4,16000
37,6,351,5,15000
15,1,31,2,8000
22,3,24,4,800
2,6,46,3,9000
64,2,234,1,1200
42,4,139,5,750
20,6,182,3,9000
30,1,194,1,4000
64,4,49,5,750
100,6,215,3,9000
47,2,338,5,6000
10,6,317,4,12000
46,2,356,4,4800
20,1,187,3,12000
42,2,45,5,6000
25,1,28,1,4000
9,6,268,1,3000
74,2,28,1,1200
28,2,363,4,4800
89,6,115,1,3000
22,1,258,2,8000
73,3,18,2,400
56,1,310,1,4000
10,6,162,1,3000
72,6,279,3,9000
23,5,297,1,350
43,4,285,5,750
63,6,363,5,15000
82,2,45,4,4800
3,5,350,4,1400
60,3,28,4,800
100,6,254,2,6000
65,1,111,2,8000
57,3,197,1,200
58,5,157,5,1750
36,1,97,2,8000
48,6,292,5,15000
95,6,140,3,9000
95,3,62,5,1000
57,1,217,5,20000
84,2,338,3,3600
52,4,139,5,750
7,3,108,3,600
44,6,240,5,15000
98,2,103,2,2400
33,6,300,1,3000
82,3,195,3,600
5,6,118,1,3000
67,3,150,3,600
79,1,186,3,12000
48,2,351,5,6000
27,2,234,5,6000
8,6,268,4,12000
7,4,95,1,150
81,1,62,4,16000
38,1,347,5,20000
95,5,233,1,350
70,1,175,1,4000
40,1,180,5,20000
13,2,301,1,1200
27,6,134,5,15000
77,6,122,1,3000
2,4,137,1,150
33,5,339,5,1750
98,1,151,2,8000
25,4,253,5,750
12,4,43,5,750
50,2,96,4,4800
10,2,30,5,6000
54,6,202,3,9000
49,2,95,4,4800
96,3,323,5,1000
12,3,212,4,800
59,3,221,2,400
74,2,234,3,3600
30,4,196,5,750
65,3,197,3,600
1,6,124,1,3000
58,3,85,1,200
41,6,195,2,6000
40,6,114,1,3000
44,3,206,1,200
27,1,306,5,20000
46,1,41,5,20000
85,1,269,4,16000
62,2,298,2,2400
26,5,131,3,1050
91,1,288,4,16000
92,6,264,4,12000
18,5,260,2,700
47,3,4,5,1000
74,2,34,5,6000
18,3,358,4,800
44,4,133,4,600
31,3,202,1,200
84,4,241,2,300
84,6,179,4,12000
79,5,190,1,350
23,1,210,2,8000
86,4,122,2,300
10,6,11,4,12000
98,1,46,1,4000
43,2,197,3,3600
46,1,96,4,16000
60,1,78,5,20000
31,6,178,1,3000
17,3,332,2,400
55,1,238,2,8000
40,6,220,2,6000
73,5,189,4,1400
23,4,209,2,300
26,5,221,3,1050
77,1,74,2,8000
60,6,331,3,9000
46,6,132,2,6000
1,1,27,5,20000
19,6,190,4,12000
63,1,142,5,20000
43,4,29,5,750
17,6,215,1,3000
89,6,43,5,15000
48,1,263,1,4000
35,6,212,3,9000
74,5,147,5,1750
70,5,99,2,700
30,4,183,1,150
12,2,349,3,3600
9,1,261,1,4000
36,3,276,4,800
30,3,229,3,600
14,3,229,5,1000
21,4,156,3,450
61,2,320,5,6000
79,4,357,3,450
62,3,213,2,400
34,6,102,3,9000
75,2,84,4,4800
32,2,84,5,6000
51,6,311,1,3000
35,2,247,1,1200
12,1,72,3,12000
54,4,16,5,750
92,3,79,2,400
70,4,328,1,150
5,6,343,1,3000
72,3,50,2,400
79,5,316,3,1050
80,2,264,4,4800
70,2,337,5,6000
22,3,124,3,600
63,5,290,2,700
92,3,26,4,800
45,3,123,4,800
4,2,182,1,1200
31,5,61,5,1750
46,1,138,5,20000
15,1,220,1,4000
57,6,265,5,15000
10,3,151,3,600
58,1,48,1,4000
92,2,260,3,3600
96,6,299,1,3000
16,5,318,5,1750
39,5,201,5,1750
72,1,333,1,4000
68,1,70,2,8000
24,6,303,2,6000
96,3,160,2,400
30,6,311,3,9000
50,2,127,4,4800
71,6,361,5,15000
3,4,80,1,150
97,6,82,2,6000
85,5,224,5,1750
81,4,277,2,300
67,6,356,2,6000
4,2,99,2,2400
76,2,176,5,6000
40,2,153,3,3600
93,4,23,2,300
97,6,113,1,3000
93,4,161,2,300
75,2,267,2,2400
25,4,165,2,300
5,2,3,5,6000
92,6,37,1,3000
6,3,88,2,400
63,3,13,2,400
28,2,324,4,4800
40,3,60,2,400
75,5,124,1,350
87,4,347,2,300
64,4,206,2,300
96,1,215,1,4000
53,5,176,3,1050
44,5,346,3,1050
73,5,180,5,1750
23,1,17,3,12000
73,5,50,2,700
31,3,120,5,1000
81,3,257,2,400
86,1,190,3,12000
9,4,115,4,600
51,2,296,3,3600
50,3,298,1,200
76,4,250,1,150
63,3,68,1,200
12,3,335,4,800
73,3,26,3,600
67,3,283,5,1000
19,6,324,1,3000
94,4,41,5,750
3,3,21,5,1000
100,3,318,5,1000
74,1,247,5,20000
54,5,114,2,700
95,6,224,3,9000
8,1,158,4,16000
24,4,223,2,300
8,6,162,5,15000
52,5,353,1,350
27,2,118,3,3600
36,5,196,1,350
85,4,273,3,450
80,1,192,3,12000
87,1,267,5,20000
99,6,240,4,12000
64,4,91,2,300
37,6,287,5,15000
54,3,19,4,800
36,3,37,5,1000
82,5,201,3,1050
86,6,280,5,15000
25,6,59,4,12000
81,5,191,4,1400
64,3,116,5,1000
70,5,187,1,350
23,1,352,2,8000
14,3,236,3,600
13,4,207,5,750
26,1,311,1,4000
12,6,194,4,12000
41,5,163,3,1050
53,4,141,3,450
13,2,231,4,4800
97,2,57,3,3600
56,6,92,1,3000
29,2,28,5,6000
11,4,317,1,150
57,1,343,1,4000
36,1,276,3,12000
75,6,159,5,15000
56,1,86,3,12000
74,4,189,1,150
74,4,18,2,300
91,3,143,2,400
98,5,51,2,700
81,1,84,4,16000
62,2,285,4,4800
22,5,55,5,1750
96,1,201,4,16000
86,4,131,4,600
94,6,52,2,6000
23,1,128,5,20000
42,5,32,2,700
27,4,303,1,150
80,3,167,5,1000
58,3,24,4,800
8,3,304,1,200
69,3,279,5,1000
78,6,10,5,15000
93,3,360,4,800
11,5,25,3,1050
89,2,285,1,1200
47,1,27,3,12000
58,6,8,1,3000
98,6,6,3,9000
19,5,193,1,350
10,3,139,4,800
82,3,34,5,1000
87,5,173,1,350
59,3,20,4,800
42,4,261,2,300
84,6,91,2,6000
31,5,100,5,1750
25,3,293,2,400
16,3,265,1,200
80,2,102,4,4800
47,5,21,4,1400
79,1,255,4,16000
84,4,222,2,300
10,5,164,5,1750
68,4,214,2,300
25,2,324,4,4800
20,6,74,4,12000
53,2,104,2,2400
2,2,111,4,4800
45,6,4,2,6000
75,6,210,5,15000
30,1,82,1,4000
95,1,365,5,20000
7,3,143,1,200
39,2,107,2,2400
3,5,117,3,1050
100,3,82,3,600
100,4,163,2,300
79,5,86,5,1750
51,2,98,2,2400
14,4,360,3,450
81,5,165,1,350
50,1,358,5,20000
73,3,281,4,800
93,1,230,2,8000
82,2,343,5,6000
50,1,300,5,20000
12,4,49,3,450
14,1,304,2,8000
40,6,159,3,9000
34,4,29,4,600
48,1,346,4,16000
13,3,321,5,1000
5,5,44,2,700
21,4,152,4,600
16,4,296,3,450
94,6,209,4,12000
15,6,275,4,12000
91,3,89,4,800
90,3,357,1,200
65,5,118,3,1050
84,3,199,5,1000
76,2,298,3,3600
34,4,223,5,750
93,1,183,2,8000
91,2,138,2,2400
56,3,226,1,200
11,1,135,1,4000
50,2,32,1,1200
82,4,221,3,450
90,6,141,2,6000
96,5,327,4,1400
46,4,99,3,450
12,4,38,2,300
87,4,36,4,600
28,2,45,3,3600
98,5,16,4,1400
84,2,118,3,3600
93,1,268,5,20000
11,4,238,5,750
74,1,206,5,20000
26,1,238,5,20000
20,6,328,5,15000
1,3,231,1,200
65,2,222,4,4800
41,2,252,4,4800
61,6,22,5,15000
57,2,297,3,3600
16,1,182,2,8000
1,1,186,2,8000
15,5,147,3,1050
43,4,162,3,450
5,1,279,1,4000
97,3,182,4,800
16,2,55,1,1200
27,3,118,2,400
11,5,333,2,700
13,5,55,3,1050
46,3,138,4,800
93,2,161,1,1200
76,3,111,5,1000
94,1,179,2,8000
54,5,265,1,350
81,2,145,1,1200
70,1,142,1,4000
90,1,28,3,12000
78,5,30,2,700
32,4,303,2,300
25,1,249,5,20000
70,3,320,1,200
47,3,292,5,1000
35,3,195,5,1000
65,3,327,2,400
4,4,12,2,300
75,1,183,3,12000
45,3,194,4,800
55,4,307,4,600
83,2,8,2,2400
75,3,320,5,1000
77,3,232,3,600
32,4,292,5,750
33,4,208,3,450
6,6,358,4,12000
56,1,181,2,8000
21,1,350,1,4000
21,4,285,5,750
60,1,171,5,20000
14,3,324,2,400
33,1,236,5,20000
96,3,96,5,1000
62,6,343,4,12000
20,1,361,1,4000
47,1,187,2,8000
4,3,312,5,1000
21,5,111,5,1750
37,6,361,1,3000
28,6,36,4,12000
98,2,208,4,4800
84,1,83,3,12000
60,1,174,4,16000
85,2,255,1,1200
10,4,191,2,300
32,4,240,2,300
93,5,29,3,1050
13,4,62,5,750
32,6,283,5,15000
99,5,240,4,1400
68,6,87,1,3000
98,2,18,3,3600
48,6,76,2,6000
85,4,265,5,750
51,5,66,5,1750
92,1,332,4,16000
4,6,352,1,3000
70,5,203,1,350
84,5,195,1,350
10,1,53,1,4000
42,4,62,4,600
35,1,192,5,20000
87,6,250,3,9000
45,6,232,2,6000
91,5,70,5,1750
26,4,3,2,300
38,4,326,3,450
77,3,230,5,1000
43,1,330,3,12000
94,6,86,4,12000
9,1,143,2,8000
35,6,351,2,6000
33,5,215,3,1050
89,6,236,4,12000
35,3,221,2,400
29,3,32,5,1000
11,6,294,5,15000
54,3,71,5,1000
85,2,59,4,4800
75,5,183,4,1400
74,2,234,2,2400
15,5,158,5,1750
22,6,226,4,12000
13,6,133,2,6000
27,4,273,2,300
79,4,159,2,300
90,5,101,5,1750
20,6,340,4,12000
85,3,49,5,1000
82,2,125,5,6000
17,3,20,4,800
61,1,112,4,16000
80,5,99,2,700
5,3,342,2,400
6,5,50,1,350
83,4,134,4,600
43,6,208,1,3000
12,1,128,1,4000
69,3,190,5,1000
54,5,285,5,1750
56,5,197,1,350
36,6,18,5,15000
8,2,17,5,6000
78,2,227,4,4800
56,4,155,1,150
67,5,142,5,1750
42,6,304,5,15000
31,2,143,2,2400
14,4,43,5,750
52,6,9,2,6000
2,6,144,1,3000
17,4,73,4,600
34,6,250,2,6000
55,1,202,2,8000
4,6,198,1,3000
12,1,346,3,12000
22,3,293,3,600
98,5,246,2,700
80,6,43,2,6000
36,1,1,5,20000
46,2,284,5,6000
21,4,63,3,450
55,3,90,1,200
89,4,311,4,600
15,5,14,5,1750
68,2,23,4,4800
90,6,299,5,15000
21,4,365,4,600
96,2,64,5,6000
74,5,153,3,1050
33,4,330,2,300
58,6,86,4,12000
29,1,50,5,20000
47,4,43,4,600
85,6,72,1,3000
67,1,23,3,12000
13,1,82,2,8000
44,3,157,2,400
67,2,322,2,2400
68,3,217,3,600
73,4,264,5,750
67,2,318,3,3600
13,6,341,2,6000
51,1,356,4,16000
86,4,197,4,600
40,4,231,4,600
11,2,232,2,2400
33,3,220,2,400
69,1,254,4,16000
15,1,168,3,12000
49,3,234,3,600
28,1,174,1,4000
86,2,53,2,2400
71,6,280,5,15000
69,6,88,1,3000
94,5,245,4,1400
60,6,226,1,3000
44,1,49,2,8000
11,6,131,3,9000
6,1,219,4,16000
44,5,99,3,1050
84,1,200,3,12000
97,3,186,4,800
34,1,174,4,16000
32,5,123,4,1400
89,6,64,2,6000
48,5,17,5,1750
57,6,154,5,15000
60,4,77,4,600
98,5,249,3,1050
94,6,346,5,15000
50,5,301,1,350
88,6,203,5,15000
8,2,124,3,3600
53,2,137,1,1200
9,4,56,2,300
71,1,123,2,8000
35,5,23,1,350
32,5,188,3,1050
56,2,64,5,6000
24,2,16,3,3600
22,4,106,2,300
56,6,357,3,9000
96,1,134,1,4000
66,1,285,2,8000
16,3,171,4,800
91,2,191,1,1200
71,3,151,3,600
47,6,328,4,12000
86,1,111,1,4000
99,4,55,2,300
70,6,211,5,15000
76,1,91,2,8000
79,1,112,1,4000
79,4,229,4,600
76,3,53,2,400
31,6,247,4,12000
28,6,313,5,15000
61,1,196,2,8000
33,2,117,1,1200
91,4,300,1,150
29,1,102,5,20000
27,3,356,5,1000
2,6,243,4,12000
44,3,160,1,200
83,3,177,4,800
49,3,55,5,1000
17,1,243,3,12000
79,6,124,1,3000
5,4,36,5,750
99,3,347,5,1000
75,5,87,2,700
31,2,115,3,3600
100,5,180,2,700
64,6,34,3,9000
19,1,315,5,20000
98,2,214,2,2400
72,6,363,2,6000
58,6,167,1,3000
48,3,255,3,600
8,2,204,5,6000
1,6,163,5,15000
26,4,106,1,150
40,1,321,1,4000
20,5,339,2,700
83,3,88,1,200
38,2,83,5,6000
53,1,16,2,8000
57,3,276,1,200
10,4,218,3,450
85,5,67,1,350
75,1,229,3,12000
40,5,236,3,1050
49,3,146,2,400
6,1,63,4,16000
100,3,14,1,200
64,4,299,3,450
9,4,243,1,150
58,6,125,4,12000
97,3,323,1,200
69,1,17,4,16000
31,4,199,2,300
33,4,310,1,150
43,2,280,1,1200
86,2,257,3,3600
26,3,99,3,600
69,5,162,5,1750
43,5,139,4,1400
35,2,205,2,2400
37,3,179,2,400
5,4,299,1,150
82,4,344,5,750
68,2,41,2,2400
54,4,260,3,450
4,6,154,4,12000
6,1,332,4,16000
23,2,30,4,4800
37,5,327,4,1400
73,4,71,4,600
41,3,101,3,600
36,6,219,2,6000
79,4,96,4,600
16,1,182,1,4000
98,2,89,4,4800
63,5,26,1,350
8,1,172,5,20000
67,2,95,1,1200
94,1,127,3,12000
72,4,253,4,600
77,5,39,2,700
85,2,342,3,3600
53,2,257,5,6000
41,1,182,2,8000
33,5,7,2,700
2,6,202,5,15000
16,4,304,1,150
26,2,33,1,1200
84,1,249,3,12000
48,3,57,3,600
36,3,308,2,400
59,3,318,4,800
78,2,235,2,2400
83,2,41,3,3600
95,3,278,5,1000
86,5,62,2,700
87,2,154,2,2400
75,2,101,1,1200
58,5,253,4,1400
66,3,59,5,1000
73,4,249,4,600
60,5,334,4,1400
86,3,68,4,800
43,6,44,5,15000
8,5,329,2,700
32,3,214,1,200
64,1,111,1,4000
46,5,222,1,350
55,1,173,2,8000
40,6,64,5,15000
47,1,274,4,16000
68,1,247,1,4000
90,4,338,3,450
99,4,210,5,750
74,6,16,4,12000
71,3,189,5,1000
60,5,161,5,1750
88,6,149,5,15000
29,4,344,1,150
55,3,205,2,400
87,4,229,5,750
13,2,205,1,1200
31,6,356,2,6000
22,4,329,2,300
58,6,256,4,12000
56,3,138,4,800
90,3,305,1,200
18,5,246,5,1750
59,2,126,4,4800
32,3,117,1,200
17,2,242,1,1200
35,6,295,1,3000
8,5,33,3,1050
55,1,7,4,16000
67,3,258,1,200
78,2,84,1,1200
70,6,87,1,3000
91,4,314,5,750
65,1,42,2,8000
78,4,295,2,300
74,4,160,1,150
74,4,145,3,450
81,3,242,3,600
78,1,36,2,8000
50,3,218,2,400
81,4,158,3,450
36,3,224,3,600
84,3,175,1,200
100,4,63,5,750
9,4,182,1,150
14,6,293,1,3000
52,1,288,2,8000
12,6,137,3,9000
20,4,216,3,450
99,4,219,3,450
25,5,236,1,350
38,2,328,4,4800
5,1,351,5,20000
74,6,326,5,15000
94,5,300,5,1750
3,1,287,2,8000
99,4,185,3,450
42,3,58,3,600
49,5,187,4,1400
4,3,245,4,800
93,2,325,2,2400
57,5,291,4,1400
24,5,300,5,1750
31,1,230,5,20000
55,5,210,4,1400
65,2,276,3,3600
96,5,237,2,700
71,3,298,2,400
55,6,304,3,9000
35,4,131,1,150
38,3,76,3,600
8,1,153,2,8000
36,6,296,5,15000
9,6,61,4,12000
34,6,94,5,15000
62,5,233,1,350
39,2,37,3,3600
54,2,263,3,3600
42,1,182,4,16000
89,5,118,2,700
37,4,11,1,150
17,1,245,5,20000
99,4,155,3,450
48,2,222,5,6000
23,2,233,2,2400
35,2,279,5,6000
46,3,229,5,1000
23,6,55,1,3000
21,6,259,3,9000
75,1,187,4,16000
99,6,195,3,9000
29,2,338,2,2400
98,3,191,1,200
2,5,300,5,1750
11,4,153,3,450
43,4,60,4,600
94,1,318,5,20000
69,3,150,5,1000
2,1,22,1,4000
62,5,225,2,700
84,4,34,4,600
51,6,137,5,15000
55,1,246,4,16000
49,3,67,5,1000
15,3,122,1,200
35,3,160,3,600
88,3,214,1,200
47,6,22,2,6000
51,5,252,1,350
88,6,305,5,15000
78,2,161,3,3600
54,6,171,1,3000
50,3,111,1,200
77,6,91,4,12000
78,4,138,1,150
63,4,328,1,150
37,2,212,5,6000
66,4,94,4,600
43,2,297,2,2400
74,4,261,3,450
85,1,166,4,16000
33,3,281,3,600
69,2,333,2,2400
58,2,147,5,6000
59,4,185,2,300
98,6,290,4,12000
48,3,333,2,400
35,4,60,1,150
60,5,247,5,1750
33,3,86,2,400
90,4,364,1,150
44,5,323,4,1400
65,1,36,1,4000
12,5,98,5,1750
31,1,156,2,8000
12,4,126,3,450
73,6,165,2,6000
6,6,257,4,12000
87,5,68,5,1750
4,6,273,3,9000
68,4,118,4,600
18,1,166,1,4000
84,5,331,1,350
8,3,38,1,200
53,1,107,1,4000
8,2,167,2,2400
52,1,238,4,16000
50,3,178,4,800
54,6,274,3,9000
51,3,66,4,800
50,4,184,1,150
21,2,4,4,4800
92,4,31,1,150
71,6,270,5,15000
96,6,99,3,9000
34,3,179,1,200
20,1,199,2,8000
14,1,190,5,20000
92,1,223,3,12000
87,2,263,1,1200
33,4,106,1,150
2,3,305,1,200
15,3,47,5,1000
29,6,187,3,9000
84,1,96,5,20000
84,4,294,5,750
13,1,94,2,8000
45,2,12,3,3600
88,6,223,4,12000
70,3,84,3,600
27,5,223,5,1750
93,2,309,5,6000
98,1,360,2,8000
13,1,81,5,20000
33,2,332,3,3600
14,1,150,4,16000
41,2,18,3,3600
53,4,303,1,150
61,3,169,4,800
4,6,142,5,15000
59,3,176,4,800
45,2,163,3,3600
31,5,46,3,1050
97,4,272,3,450
47,3,277,3,600
39,6,275,5,15000
19,2,144,5,6000
60,5,110,4,1400
36,6,305,5,15000
84,6,151,2,6000
40,6,166,1,3000
30,6,47,2,6000
86,4,186,5,750
87,6,238,1,3000
80,6,301,2,6000
86,1,324,4,16000
21,6,95,4,12000
45,2,178,1,1200
51,4,354,2,300
48,2,313,1,1200
30,6,310,5,15000
50,5,152,2,700
2,5,297,3,1050
38,6,290,1,3000
67,1,355,2,8000
100,5,131,2,700
92,3,323,5,1000
34,2,358,3,3600
13,5,241,1,350
29,1,218,1,4000
40,4,329,5,750
60,1,332,2,8000
13,5,276,1,350
40,5,116,1,350
20,2,168,3,3600
82,1,289,5,20000
51,2,36,2,2400
80,1,285,3,12000
11,5,277,4,1400
88,4,132,3,450
93,1,337,4,16000
63,2,282,5,6000
27,5,145,5,1750
91,1,96,1,4000
89,1,155,3,12000
89,3,209,1,200
73,4,24,5,750
53,4,19,1,150
75,3,272,4,800
34,5,265,5,1750
61,2,202,1,1200
63,4,66,5,750
25,3,96,3,600
53,5,141,2,700
66,4,238,4,600
14,5,186,1,350
49,1,20,4,16000
40,5,7,3,1050
78,3,159,3,600
8,4,274,1,150
85,4,60,1,150
76,5,127,1,350
3,2,277,2,2400
85,5,227,1,350
85,4,270,2,300
56,5,119,3,1050
95,4,287,5,750
39,5,270,4,1400
63,6,349,3,9000
10,6,55,5,15000
79,4,343,3,450
81,4,334,2,300
41,5,222,4,1400
67,5,342,5,1750
85,4,224,1,150
58,5,361,5,1750
40,2,324,1,1200
48,4,30,1,150
79,6,46,3,9000
31,6,294,5,15000
68,4,89,3,450
66,6,228,5,15000
94,5,364,1,350
63,5,169,3,1050
61,1,328,4,16000
69,1,352,4,16000
83,2,31,5,6000
67,6,103,1,3000
47,2,226,5,6000
56,5,141,3,1050
87,2,129,5,6000
70,5,302,5,1750
20,3,265,4,800
60,4,264,1,150
42,4,179,3,450
31,4,77,5,750
11,2,204,3,3600
17,1,263,1,4000
26,2,55,2,2400
7,2,339,4,4800
89,1,96,4,16000
43,1,239,1,4000
37,3,283,3,600
38,3,142,1,200
70,2,127,3,3600
54,4,156,2,300
31,3,39,5,1000
35,5,112,3,1050
59,6,351,2,6000
28,2,73,2,2400
63,1,1,2,8000
18,2,248,1,1200
19,1,364,1,4000
87,2,137,4,4800
75,4,256,5,750
28,1,235,5,20000
52,5,259,1,350
83,2,279,3,3600
99,6,356,4,12000
46,6,202,1,3000
75,5,35,3,1050
58,2,341,4,4800
23,3,108,1,200
17,2,184,4,4800
63,6,281,3,9000
58,4,114,2,300
17,3,292,5,1000
10,4,194,3,450
95,2,311,2,2400
50,1,63,2,8000
100,2,154,5,6000
82,2,340,4,4800
14,3,57,5,1000
46,6,124,5,15000
50,2,326,2,2400
3,3,173,2,400
24,1,43,3,12000
95,5,200,3,1050
99,2,313,5,6000
76,4,130,5,750
44,3,4,3,600
28,1,323,3,12000
84,5,313,4,1400
31,5,288,2,700
93,1,182,5,20000
54,4,313,2,300
49,6,266,3,9000
59,2,306,5,6000
77,3,203,3,600
32,1,56,3,12000
74,6,239,2,6000
95,1,39,1,4000
14,5,223,3,1050
7,2,287,3,3600
4,6,364,2,6000
43,4,314,1,150
82,5,118,4,1400
9,3,238,2,400
38,6,259,5,15000
92,2,74,5,6000
31,4,329,3,450
13,6,65,1,3000
84,2,350,5,6000
30,3,94,1,200
36,2,70,4,4800
62,5,268,3,1050
35,6,361,3,9000
42,4,256,1,150
37,6,136,3,9000
46,4,28,2,300
17,2,231,2,2400
4,2,334,2,2400
65,6,335,5,15000
20,2,15,2,2400
24,3,130,3,600
75,3,323,1,200
71,1,63,2,8000
95,4,119,3,450
16,3,88,1,200
25,1,7,4,16000
45,2,205,4,4800
79,3,315,2,400
36,1,248,4,16000
86,2,9,5,6000
15,6,114,2,6000
81,4,51,1,150
62,5,109,4,1400
65,6,27,5,15000
46,2,254,2,2400
26,3,150,5,1000
72,3,51,4,800
30,4,293,2,300
65,3,64,2,400
95,5,275,2,700
62,5,24,2,700
8,4,195,5,750
63,3,9,5,1000
95,1,210,2,8000
50,6,309,2,6000
16,2,59,5,6000
66,4,184,5,750
82,6,163,3,9000
36,4,294,2,300
28,1,26,5,20000
15,1,53,2,8000
24,3,177,5,1000
49,5,107,1,350
91,2,278,4,4800
70,1,184,4,16000
35,1,110,2,8000
27,1,210,5,20000
22,5,285,5,1750
65,2,310,4,4800
3,3,105,1,200
26,1,9,5,20000
38,1,28,4,16000
59,1,175,4,16000
30,5,29,3,1050
56,4,221,5,750
96,4,323,3,450
87,1,206,2,8000
51,4,50,1,150
24,4,152,3,450
68,4,123,4,600
53,6,180,2,6000
35,1,287,3,12000
49,6,315,4,12000
23,3,38,3,600
74,5,337,4,1400
55,2,255,2,2400
71,3,87,5,1000
81,3,305,5,1000
48,1,305,2,8000
45,1,94,4,16000
79,1,63,5,20000
15,3,124,1,200
30,2,148,5,6000
19,6,234,1,3000
86,3,7,4,800
43,6,48,2,6000
46,1,274,4,16000
96,5,286,5,1750
72,3,308,4,800
58,3,324,3,600
82,6,85,1,3000
22,1,172,3,12000
56,6,170,4,12000
12,5,280,2,700
74,1,338,1,4000
84,1,235,4,16000
17,6,142,4,12000
40,5,50,5,1750
26,3,128,5,1000
100,6,286,4,12000
2,2,315,4,4800
6,2,194,5,6000
93,1,309,2,8000
79,6,191,3,9000
51,5,289,4,1400
60,5,254,1,350
26,4,135,3,450
69,1,23,2,8000
84,6,7,4,12000
75,2,137,4,4800
64,3,153,2,400
93,4,336,5,750
25,5,145,3,1050
8,6,264,1,3000
51,1,306,1,4000
99,3,172,2,400
58,1,31,2,8000
40,2,106,2,2400
94,4,292,5,750
17,1,357,4,16000
84,4,269,5,750
81,6,314,3,9000
54,4,6,2,300
26,5,174,3,1050
99,6,95,4,12000
76,1,268,5,20000
67,1,197,3,12000
38,1,98,5,20000
93,5,119,4,1400
56,3,144,2,400
59,1,25,4,16000
76,5,120,2,700
5,1,232,3,12000
92,4,162,4,600
95,3,10,4,800
2,1,311,2,8000
41,3,3,5,1000
74,1,254,4,16000
87,5,285,2,700
80,6,235,1,3000
12,1,247,3,12000
22,2,100,5,6000
2,2,271,3,3600
73,5,331,4,1400
36,6,337,3,9000
8,1,219,2,8000
97,1,40,4,16000
73,3,249,4,800
61,5,299,2,700
6,3,26,5,1000
6,1,137,4,16000
71,1,357,1,4000
28,4,299,2,300
62,5,332,5,1750
74,3,7,3,600
76,3,218,1,200
66,4,222,2,300
87,6,38,1,3000
34,2,328,2,2400
25,5,37,3,1050
11,3,252,2,400
75,5,78,3,1050
18,1,123,5,20000
76,1,296,1,4000
70,3,351,1,200
37,4,151,4,600
68,6,187,2,6000
1,4,70,3,450
78,3,90,5,1000
68,1,50,3,12000
53,6,291,3,9000
34,2,283,4,4800
8,5,223,2,700
91,2,341,1,1200
60,3,154,1,200
13,4,287,4,600
95,2,84,4,4800
24,5,183,1,350
1,1,50,1,4000
81,3,272,2,400
97,4,160,2,300
88,1,272,4,16000
100,1,96,3,12000
48,6,134,2,6000
41,3,219,2,400
18,5,196,1,350
20,4,272,1,150
78,4,274,3,450
48,4,101,2,300
90,5,216,3,1050
72,4,225,1,150
50,4,222,2,300
68,3,355,5,1000
45,6,127,3,9000
87,6,237,3,9000
34,4,103,4,600
4,3,17,3,600
16,3,278,3,600
74,3,299,5,1000
6,6,110,2,6000
38,4,97,3,450
79,2,50,5,6000
55,5,346,5,1750
45,6,62,5,15000
37,5,82,2,700
47,3,351,1,200
29,5,202,2,700
53,6,25,5,15000
41,3,209,1,200
4,1,128,2,8000
87,5,171,2,700
64,3,239,2,400
67,2,270,1,1200
22,2,227,1,1200
64,2,177,3,3600
94,2,49,1,1200
71,5,140,2,700
7,5,102,3,1050
25,4,157,3,450
25,4,359,1,150
80,4,135,2,300
6,5,82,2,700
65,6,168,2,6000
79,5,172,4,1400
95,1,332,2,8000
23,2,353,2,2400
63,3,54,4,800
79,6,31,2,6000
64,1,99,4,16000
27,1,37,2,8000
100,2,77,3,3600
39,6,29,3,9000
58,1,64,1,4000
92,1,98,4,16000
27,1,157,4,16000
38,5,46,3,1050
39,1,119,5,20000
19,4,106,3,450
96,3,292,2,400
42,3,156,2,400
75,6,275,4,12000
48,1,69,3,12000
76,2,158,1,1200
35,4,325,4,600
23,2,357,5,6000
79,3,232,1,200
22,2,342,4,4800
25,6,33,1,3000
97,2,74,4,4800
73,4,356,3,450
87,4,281,5,750
81,3,202,1,200
71,1,89,4,16000
97,2,32,5,6000
95,2,58,2,2400
18,1,87,5,20000
70,2,103,1,1200
89,2,163,1,1200
32,1,319,2,8000
74,1,50,1,4000
84,3,196,2,400
21,2,336,2,2400
53,2,20,3,3600
60,2,108,4,4800
70,5,197,3,1050
65,5,128,1,350
30,4,259,2,300
33,3,346,3,600
59,4,19,4,600
3,2,332,5,6000
87,4,190,3,450
94,6,321,1,3000
27,4,107,1,150
56,6,242,2,6000
21,5,310,2,700
93,4,146,1,150
57,6,316,5,15000
36,1,132,2,8000
77,1,101,3,12000
88,6,210,2,6000
52,3,83,1,200
40,1,173,3,12000
3,2,136,1,1200
23,5,263,3,1050
28,4,95,4,600
58,3,346,4,800
11,1,254,1,4000
3,4,333,1,150
26,4,3,1,150
9,4,85,2,300
18,1,253,5,20000
29,3,345,5,1000
16,6,288,3,9000
98,5,270,1,350
11,4,182,1,150
48,2,66,5,6000
24,3,264,1,200
13,4,103,4,600
70,2,146,3,3600
20,3,126,5,1000
90,6,31,4,12000
99,4,323,5,750
85,4,97,1,150
97,2,10,2,2400
49,6,281,5,15000
14,5,218,1,350
98,1,365,2,8000
70,2,346,4,4800
97,1,27,5,20000
12,6,123,4,12000
36,6,2,1,3000
30,3,331,2,400
1,6,329,3,9000
67,4,6,3,450
48,1,345,3,12000
35,3,35,3,600
12,2,27,2,2400
62,3,147,2,400
17,4,173,1,150
58,5,338,5,1750
51,4,114,4,600
37,4,57,2,300
55,6,83,1,3000
66,5,307,5,1750
24,5,261,4,1400
20,2,59,2,2400
17,6,337,5,15000
66,2,13,2,2400
42,5,3,3,1050
69,2,169,2,2400
93,6,119,5,15000
38,6,257,3,9000
53,2,179,4,4800
3,1,32,2,8000
42,3,292,2,400
83,2,312,3,3600
31,1,111,3,12000
53,3,64,1,200
71,6,143,5,15000
68,6,300,2,6000
41,1,84,1,4000
13,3,282,5,1000
36,4,116,3,450
85,3,145,1,200
69,4,52,4,600
12,4,128,3,450
65,2,42,2,2400
17,6,288,2,6000
8,4,127,4,600
2,6,144,5,15000
50,5,304,1,350
96,3,349,2,400
57,4,81,4,600
87,3,54,3,600
26,4,168,5,750
90,2,126,5,6000
45,2,95,5,6000
79,6,288,2,6000
8,6,197,3,9000
71,4,29,4,600
53,6,202,2,6000
64,5,237,5,1750
23,5,322,3,1050
52,6,115,5,15000
85,1,144,3,12000
45,5,41,5,1750
34,2,5,3,3600
65,6,229,2,6000
63,5,134,2,700
96,1,120,5,20000
91,6,240,5,15000
48,2,180,3,3600
55,2,117,2,2400
25,3,66,1,200
48,1,128,1,4000
28,3,318,1,200
91,2,94,3,3600
25,1,84,1,4000
44,1,319,2,8000
83,2,227,4,4800
48,3,91,1,200
81,2,268,5,6000
31,4,304,4,600
46,2,346,1,1200
36,3,29,3,600
16,2,322,1,1200
10,5,326,1,350
41,1,140,5,20000
94,1,56,3,12000
41,3,339,5,1000
23,6,10,1,3000
68,1,121,3,12000
86,2,210,5,6000
24,2,301,5,6000
16,1,32,2,8000
93,3,196,4,800
36,5,180,3,1050
58,3,25,3,600
51,6,236,5,15000
20,4,109,1,150
44,3,27,5,1000
29,6,184,2,6000
100,4,31,3,450
84,2,246,3,3600
33,4,121,1,150
25,5,231,3,1050
61,1,61,2,8000
87,6,317,3,9000
17,1,335,4,16000
77,3,113,5,1000
64,2,292,1,1200
100,1,102,2,8000
51,6,107,5,15000
14,1,308,5,20000
75,6,157,1,3000
52,2,236,2,2400
12,2,133,3,3600
10,4,19,2,300
53,4,185,3,450
13,1,362,4,16000
68,6,163,2,6000
85,3,361,1,200
37,1,185,4,16000
34,5,220,2,700
53,2,74,3,3600
97,3,129,4,800
42,4,237,4,600
72,2,347,3,3600
23,6,84,4,12000
51,1,102,4,16000
94,4,206,5,750
87,6,173,2,6000
26,6,337,2,6000
89,4,13,3,450
25,5,6,4,1400
96,5,209,1,350
93,2,349,1,1200
52,2,173,5,6000
66,1,194,3,12000
78,3,137,3,600
64,3,125,1,200
86,3,346,5,1000
69,4,181,2,300
51,2,45,4,4800
20,3,57,4,800
23,5,301,5,1750
38,5,364,4,1400
3,2,168,3,3600
42,2,168,5,6000
32,5,317,4,1400
92,1,146,2,8000
44,1,226,3,12000
50,5,131,2,700
26,6,101,5,15000
1,3,297,3,600
68,6,106,2,6000
27,3,142,2,400
97,1,14,2,8000
57,2,276,2,2400
25,6,202,3,9000
22,5,335,2,700
95,6,259,4,12000
59,6,256,3,9000
4,6,267,3,9000
15,2,351,1,1200
89,2,125,2,2400
46,5,321,3,1050
39,6,82,3,9000
78,6,244,2,6000
10,2,343,4,4800
25,1,198,1,4000
100,1,302,3,12000
7,5,156,4,1400
91,4,190,5,750
33,1,88,3,12000
38,1,142,4,16000
59,5,355,2,700
76,5,194,1,350
5,1,139,2,8000
36,6,172,4,12000
3,3,208,5,1000
37,2,150,3,3600
1,2,272,5,6000
85,3,156,4,800
1,5,142,5,1750
53,6,160,3,9000
76,1,256,4,16000
60,2,23,3,3600
87,1,123,5,20000
57,2,360,3,3600
66,6,212,2,6000
16,4,60,3,450
78,6,19,1,3000
97,1,268,4,16000
87,5,43,4,1400
75,6,32,5,15000
79,4,206,3,450
38,2,342,3,3600
68,5,191,5,1750
46,6,214,1,3000
57,2,273,1,1200
23,2,152,5,6000
75,5,115,4,1400
43,4,31,1,150
76,2,16,3,3600
36,3,87,5,1000
16,2,364,4,4800
43,6,215,2,6000
44,1,287,4,16000
46,4,53,4,600
8,2,302,5,6000
79,1,364,5,20000
9,5,190,4,1400
89,1,60,4,16000
36,1,236,2,8000
28,3,11,2,400
84,1,105,2,8000
16,2,8,5,6000
54,3,246,5,1000
12,5,325,2,700
10,1,73,2,8000
76,2,177,4,4800
68,6,69,5,15000
55,4,23,3,450
96,1,284,2,8000
90,5,166,1,350
92,2,318,5,6000
78,3,182,3,600
5,2,148,2,2400
25,3,223,2,400
27,4,57,3,450
83,2,292,4,4800
59,4,257,5,750
7,6,336,1,3000
90,3,183,5,1000
26,3,221,4,800
81,2,280,5,6000
85,2,42,4,4800
93,3,141,5,1000
76,3,134,4,800
47,1,215,2,8000
66,4,75,1,150
38,6,310,1,3000
1,3,315,3,600
62,2,131,1,1200
62,6,322,1,3000
53,5,123,2,700
95,3,62,1,200
70,5,20,1,350
44,5,343,4,1400
40,4,19,4,600
68,2,3,5,6000
7,6,38,5,15000
18,1,25,5,20000
44,1,264,3,12000
60,2,323,3,3600
2,5,174,2,700
64,1,273,1,4000
97,2,364,2,2400
97,4,145,1,150
12,5,141,2,700
67,6,88,3,9000
98,5,255,4,1400
92,1,95,4,16000
44,4,262,4,600
81,6,287,1,3000
29,4,337,3,450
80,2,101,3,3600
15,4,292,1,150
83,1,140,5,20000
30,6,92,3,9000
91,2,6,3,3600
46,3,187,5,1000
54,6,147,5,15000
37,5,24,4,1400
100,5,340,5,1750
33,2,58,3,3600
30,2,291,1,1200
41,3,150,5,1000
38,4,94,1,150
20,3,78,5,1000
54,6,358,5,15000
27,5,118,5,1750
75,3,281,3,600
49,4,7,1,150
51,3,28,3,600
31,5,50,3,1050
78,6,16,2,6000
3,4,108,1,150
22,3,148,5,1000
26,3,339,5,1000
94,5,277,3,1050
49,4,127,2,300
86,6,85,4,12000
21,3,191,5,1000
100,5,83,1,350
65,4,270,3,450
66,2,206,2,2400
57,3,111,3,600
70,5,19,4,1400
35,5,41,5,1750
42,3,235,3,600
45,1,214,4,16000
51,2,13,5,6000
99,4,164,5,750
11,6,107,2,6000
58,4,130,1,150
11,5,227,1,350
71,3,356,3,600
55,1,300,5,20000
74,4,305,3,450
48,6,122,5,15000
29,5,120,5,1750
36,1,116,1,4000
46,5,47,3,1050
5,5,95,2,700
40,5,238,3,1050
45,1,338,1,4000
79,2,291,1,1200
54,5,364,4,1400
4,3,20,3,600
56,2,330,1,1200
65,5,213,3,1050
35,2,364,3,3600
29,2,259,2,2400
26,5,352,5,1750
1,4,71,4,600
35,4,162,2,300
85,6,259,2,6000
30,1,203,5,20000
44,2,359,1,1200
37,6,305,4,12000
32,5,186,4,1400
89,2,97,3,3600
42,5,271,1,350
10,5,268,2,700
94,5,144,5,1750
5,2,11,2,2400
15,1,106,3,12000
88,6,300,1,3000
71,1,214,4,16000
25,5,154,2,700
14,1,153,2,8000
59,1,235,5,20000
68,6,26,5,15000
99,2,223,5,6000
6,4,218,5,750
86,2,136,4,4800
3,4,190,3,450
39,6,221,3,9000
8,1,263,5,20000
49,3,38,5,1000
90,4,119,2,300
55,4,319,5,750
95,5,303,5,1750
31,1,49,5,20000
87,4,65,2,300
79,4,192,3,450
28,5,305,5,1750
1,1,115,4,16000
15,3,77,4,800
54,4,252,1,150
14,5,40,4,1400
71,2,27,2,2400
95,4,225,4,600
89,6,352,5,15000
59,2,315,1,1200
45,1,324,3,12000
4,2,262,3,3600
4,5,283,4,1400
64,1,205,5,20000
81,6,81,5,15000
46,4,68,2,300
32,3,304,4,800
64,5,365,2,700
69,5,286,3,1050
97,6,27,3,9000
58,5,246,2,700
66,2,227,4,4800
57,3,119,3,600
92,6,202,3,9000
31,2,258,3,3600
29,5,124,4,1400
74,5,308,4,1400
98,6,122,4,12000
13,5,210,5,1750
51,2,276,3,3600
94,2,216,3,3600
82,3,108,4,800
44,2,54,4,4800
97,3,234,4,800
7,6,86,3,9000
43,3,268,4,800
59,3,116,3,600
76,3,125,2,400
53,3,277,5,1000
44,2,179,3,3600
83,6,93,2,6000
96,4,166,1,150
7,1,117,2,8000
11,6,99,3,9000
87,3,37,2,400
93,3,17,3,600
9,5,187,1,350
74,5,163,5,1750
81,5,364,2,700
52,3,85,4,800
41,5,337,2,700
40,6,270,2,6000
28,6,232,2,6000
58,3,22,4,800
14,1,228,3,12000
89,6,58,1,3000
39,6,105,3,9000
29,5,84,3,1050
26,2,102,3,3600
30,4,271,1,150
30,2,201,4,4800
18,1,1,2,8000
15,6,27,3,9000
7,1,166,2,8000
56,4,66,2,300
99,5,291,3,1050
75,5,230,5,1750
77,1,247,5,20000
85,5,323,4,1400
53,4,250,2,300
72,4,198,1,150
58,3,126,3,600
15,1,63,1,4000
70,6,33,4,12000
10,3,64,3,600
4,2,319,4,4800
40,1,246,3,12000
74,3,225,5,1000
20,1,263,4,16000
76,6,123,1,3000
52,2,206,5,6000
88,2,4,3,3600
10,5,226,2,700
80,1,223,4,16000
56,2,280,2,2400
9,6,282,1,3000
14,6,204,2,6000
39,6,119,2,6000
87,3,250,3,600
8,4,70,5,750
63,2,12,3,3600
86,6,308,2,6000
22,6,153,1,3000
53,3,110,2,400
28,4,55,3,450
94,6,2,5,15000
37,5,359,2,700
23,4,14,5,750
20,4,280,5,750
28,2,197,1,1200
96,4,245,2,300
13,2,350,3,3600
68,3,300,4,800
45,4,313,5,750
3,4,129,4,600
9,6,135,2,6000
80,1,297,4,16000
19,5,161,5,1750
5,3,183,3,600
70,1,316,4,16000
70,1,25,3,12000
2,1,59,3,12000
80,4,214,1,150
75,1,304,2,8000
27,6,102,3,9000
71,6,285,1,3000
10,6,44,3,9000
31,3,202,3,600
37,5,337,1,350
13,5,172,4,1400
34,1,324,5,20000
86,2,114,1,1200
48,6,139,3,9000
9,1,350,1,4000
41,2,79,4,4800
100,4,168,5,750
35,4,223,5,750
86,6,349,2,6000
64,6,83,1,3000
13,5,72,1,350
25,2,195,5,6000
55,5,30,4,1400
60,1,153,1,4000
50,6,175,3,9000
47,1,80,4,16000
55,4,191,5,750
22,3,349,2,400
71,3,215,3,600
7,1,218,2,8000
57,3,72,3,600
8,1,256,2,8000
59,5,246,3,1050
51,4,291,5,750
47,6,125,4,12000
84,4,62,5,750
48,4,271,4,600
14,1,100,2,8000
100,4,38,1,150
86,1,244,2,8000
31,4,120,4,600
4,1,266,4,16000
19,2,23,5,6000
9,5,11,4,1400
93,6,222,5,15000
39,1,363,3,12000
21,3,349,4,800
21,2,190,2,2400
49,6,237,1,3000
17,4,106,1,150
63,6,327,5,15000
67,1,364,2,8000
81,3,67,3,600
49,2,230,2,2400
35,1,273,4,16000
76,5,274,1,350
76,3,195,1,200
58,2,275,4,4800
62,6,176,5,15000
65,5,158,4,1400
35,2,1,5,6000
38,6,200,4,12000
53,2,137,5,6000
53,2,343,5,6000
23,2,120,2,2400
64,6,141,1,3000
98,5,252,3,1050
43,3,327,2,400
83,6,159,2,6000
5,1,13,2,8000
52,6,356,4,12000
79,5,342,3,1050
81,3,78,5,1000
9,1,130,3,12000
15,3,258,5,1000
22,5,99,2,700
82,4,241,1,150
56,6,31,2,6000
89,2,239,1,1200
29,1,5,3,12000
77,4,302,2,300
90,6,95,4,12000
7,4,226,4,600
31,3,230,3,600
10,2,161,2,2400
56,6,327,5,15000
69,2,61,4,4800
9,3,141,2,400
49,6,267,4,12000
67,4,363,2,300
17,5,31,1,350
39,6,214,2,6000
39,1,159,5,20000
49,5,24,1,350
98,4,109,2,300
48,3,317,3,600
1,2,144,2,2400
44,6,356,3,9000
42,6,232,1,3000
98,3,354,2,400
41,3,254,3,600
93,5,29,5,1750
73,2,20,2,2400
13,6,32,4,12000
94,3,55,2,400
42,2,230,2,2400
91,1,247,5,20000
51,1,292,2,8000
18,1,271,5,20000
37,3,8,3,600
94,2,273,1,1200
62,6,164,3,9000
90,2,274,1,1200
63,6,121,1,3000
88,6,52,1,3000
48,1,6,3,12000
2,2,323,1,1200
76,2,253,4,4800
14,3,86,2,400
70,4,224,1,150
40,3,131,5,1000
9,5,236,4,1400
55,1,130,4,16000
27,3,266,5,1000
10,2,333,3,3600
56,1,82,3,12000
61,1,75,5,20000
98,1,234,1,4000
41,3,89,3,600
5,6,170,1,3000
91,2,73,3,3600
74,1,237,4,16000
38,2,82,3,3600
71,4,61,5,750
8,6,161,4,12000
69,5,152,1,350
95,4,92,4,600
66,3,6,5,1000
57,3,215,5,1000
71,6,217,5,15000
68,2,319,4,4800
91,2,166,1,1200
36,6,200,4,12000
79,2,109,5,6000
51,4,238,2,300
52,4,88,3,450
25,2,24,5,6000
93,5,350,1,350
49,6,362,5,15000
64,5,105,4,1400
61,5,255,1,350
18,3,55,5,1000
65,5,21,2,700
81,5,224,2,700
17,6,217,1,3000
83,4,46,4,600
68,5,1,3,1050
72,6,252,5,15000
25,5,312,4,1400
88,1,11,5,20000
77,3,251,5,1000
89,3,66,2,400
74,5,317,4,1400
83,1,354,4,16000
22,2,365,5,6000
68,1,284,5,20000
62,1,3,2,8000
11,6,238,5,15000
76,6,31,4,12000
58,5,194,5,1750
86,3,328,3,600
63,2,284,2,2400
29,1,147,5,20000
92,3,363,5,1000
49,1,113,2,8000
65,5,245,4,1400
15,4,50,2,300
31,3,9,4,800
91,2,145,4,4800
44,2,3,3,3600
10,4,109,1,150
96,2,42,3,3600
85,4,337,4,600
83,3,337,5,1000
86,4,26,1,150
38,2,359,1,1200
50,1,285,5,20000
5,2,77,4,4800
66,2,242,4,4800
35,3,47,4,800
43,5,26,5,1750
24,1,159,5,20000
100,2,213,1,1200
16,6,312,2,6000
49,4,126,3,450
66,4,127,4,600
70,3,141,2,400
75,6,192,2,6000
89,2,348,1,1200
95,4,300,5,750
31,6,310,5,15000
11,6,349,3,9000
92,2,258,5,6000
70,6,94,4,12000
89,6,178,3,9000
45,4,332,1,150
10,1,122,1,4000
23,3,116,3,600
78,4,298,3,450
87,5,195,3,1050
10,6,29,2,6000
91,1,251,1,4000
26,6,195,3,9000
87,4,165,5,750
78,4,223,2,300
16,1,295,1,4000
4,1,132,5,20000
5,4,217,2,300
75,2,157,1,1200
12,4,133,1,150
53,5,121,2,700
38,1,204,2,8000
100,4,125,5,750
38,4,278,5,750
46,2,213,3,3600
64,1,108,1,4000
18,6,125,2,6000
16,4,187,1,150
77,5,298,1,350
4,3,8,2,400
45,2,19,4,4800
86,3,282,3,600
15,4,223,4,600
31,1,178,2,8000
80,6,43,4,12000
5,1,183,2,8000
81,4,70,5,750
90,1,197,4,16000
57,5,347,3,1050
12,6,39,5,15000
75,1,348,1,4000
16,6,33,4,12000
10,6,284,1,3000
60,5,18,5,1750
39,6,155,3,9000
72,4,12,4,600
53,1,324,3,12000
97,1,68,1,4000
94,2,167,2,2400
7,1,363,1,4000
85,3,51,2,400
50,3,143,3,600
91,5,215,3,1050
35,5,292,4,1400
79,1,362,5,20000
53,4,260,5,750
44,4,35,5,750
92,6,316,5,15000
10,3,43,3,600
98,3,252,1,200
25,3,144,3,600
98,3,352,1,200
50,3,101,1,200
53,5,63,4,1400
21,2,29,3,3600
3,5,357,5,1750
18,2,264,2,2400
3,5,360,5,1750
13,6,64,1,3000
54,4,186,1,150
59,2,282,3,3600
41,4,336,4,600
30,2,314,2,2400
12,5,204,1,350
80,4,149,2,300
27,1,249,5,20000
88,6,271,4,12000
99,2,253,3,3600
92,4,221,4,600
48,2,168,3,3600
39,2,90,4,4800
20,5,129,3,1050
71,4,168,5,750
94,1,115,2,8000
80,3,16,1,200
56,2,37,1,1200
82,1,54,1,4000
40,1,81,1,4000
90,2,279,1,1200
43,2,25,3,3600
77,4,167,1,150
16,6,328,4,12000
